Libellé produit,Univers,Nature
Macbook 13 intel core 2 duo 2 13 ghz 250 go hd 2 go de ram,TV Son Multimédia,Pc portable
 tagère murale hwc h37 étagère suspendue tiroir en bois massif 8x80x25cm blanc,Canapé Salon Séjour,Etagère
Patère 3 crochets à torchons la cuisine coeur,Bureau Rangement,Patere
Armoire avec miroir vaniva 180 cm ch ne lancaster portes coulissantes,Chambre Literie,Dressing complet
Bureau moderne x74 standard blanc,Bureau Rangement,Bureau
Nielson canapé convertible 3 places velours couleur bleu foncé,Canapé Salon Séjour,Canape droit
Matelas 140 x 190 cm matelas sans matière nocive confort ferme housse lavable épaisseur 15 cm,Chambre Literie,Matelas
Bahut 2 portes,Canapé Salon Séjour,Buffet
Lave vaisselle 60cm 13c 42db a++ pose libre blanc sms46jw01f,Gros Electroménager,Lave vaisselle
Pouf design fat grey 100x130x25 cm,Canapé Salon Séjour,Pouf / repose pied
Tectake table pliante valise avec tabourets,Jardin Loisirs Sport,Matériel camping
Lot de 2 chaises à manger blanc orange tissu métal scamdinave,Canapé Salon Séjour,Chaise
Tectake canapé de jardin pise 5 places avec coffre de rangement variante 2 noir,Jardin Loisirs Sport,Salon de jardin
Sèche cheveux Moteur professionnel,Petit Electroménager,Seche cheveux
Babysom protège matelas bébé bamboo 60x120 cm alèse imperméable souple et silencieuse,Chambre Literie,Protege matelas
Taie d oreiller peppe pig disney enfant coussin,Décoration Textile,Coussin
Drap housse 140 x 190 rose pale,Décoration Textile,Drap plat
Matelas bodyform 140x190 mémoire de forme 3 zones,Chambre Literie,Matelas
Telephones sans fil gigaset siemens giga as 690 trio noir,TV Son Multimédia,Téléphone fixe
Outifrance machette 40 cm,Jardin Loisirs Sport,Accessoire jardin
Samsung gq32q50rguxzg tv 81 3 cm 32 4k ultra hd smart tv wifi argent,TV Son Multimédia,Tv ecran plat
Sèche linge ouverture hublot 9kg,Gros Electroménager,Seche linge
Cuiseur vapeur,Petit Electroménager,Cuiseur vapeur
Boutté raccord m le 26x34 pour tuyau 19,Jardin Loisirs Sport,Arrosage
Lot de 2 chaises de bar russel ch ne clair noir,Canapé Salon Séjour,Chaise
Housse de couette percale pur coton peigné longues fibres 80 fils cm vent du sud rubis,Décoration Textile,Housse de couette
Lit d enfant de forme maison lit cabane sommier à lattes avec barreaux de sécurité pin 200 x 90 cm bois naturel en casa ,Enfant Bébé,Lit jeune
Klarstein filtres à charbon actif pour hotte aspirante 2x filtres recyclage d air,Petit Electroménager,Pièces détachées
Lit double en velours gris 160 x 200 cm villette,Chambre Literie,Lit adulte
Verre à eau lilium 27 cl lot de 6 ,Décoration Textile,Set verre
Bande lumineuse ruban led intelligent 5m,Décoration Textile,Guirlande lumineuse
Multiprise 4 prises 16a avec interrupteur,Décoration Textile,Multiprise
Réfrigérateur combiné whirlpool w5821cwh2,Gros Electroménager,Refrigerateur
Couette l hivernale 200x200cm,Chambre Literie,Couette
At4 table à langer murale essentiel gris,Enfant Bébé,Table a langer
Table de chevet estoril meuble de nuit avec 3 tiroirs de coloris blanc et bois naturel avec pieds épingle en métal noir,Chambre Literie,Chevet
Machine à pain moulinex ow 240 e 30,Petit Electroménager,Machine a pain
Oreiller ergonomique rafra chissant gel box,Chambre Literie,Oreiller
Lit design led julia noir 90x190,Enfant Bébé,Lit jeune
Machine sous vide tactile 110w 30cm modèle airprotect v2 noon,Décoration Textile,Boites conservation
Coussin vert d eau chevron 40x40 cm amadeus,Décoration Textile,Housse de coussin
Remington ac8820 keratin protect seche cheveux 2200w 2 concentrateurs + 1 diffuseur gris,Petit Electroménager,Seche cheveux
Meuble cuisine noir bicolore 60 cm h 72 cm coloris aluminium,Cuisine Salle de bain,Meuble haut cuisine
Home innovation table console extensible rectangulaire avec rallonges jusqu à 237 cm pour salle à manger et séjour ch ne ,Canapé Salon Séjour,Console
Protège carnet de santé mam zelle bou,Enfant Bébé,Accessoire de voyage
Table basse design blanc 80cm ekka,Canapé Salon Séjour,Table basse
 hanne canapé d angle convertible scandinave avec coffre 4 places gauche couleur gris clair ,Canapé Salon Séjour,Canapé d'angle
Coussin déco en velours patch 40x40cm gris,Décoration Textile,Housse de coussin
Compo meuble de rangement contemporain decor chene l 92 cm,Canapé Salon Séjour,Etagère
Rideau tamisant imprimé feuillages et flamants roses 140 x 240 cm,Décoration Textile,Rideau
Lot de 2 tabouret de bar hauteur d assise 77cm pivotant style industriel vintage avec repose pied rembourré avec dossier et cous,Canapé Salon Séjour,Bar
Etagère murale blanche en fer de cuisine salle de bain salon 46 cm,Bureau Rangement,Portant
Lit enfant rico 190x90 avec matelas sommier et tiroir en blanc+gris,Enfant Bébé,Lit jeune
Sommier 120x200 c224 2x24 lattes,Chambre Literie,Cadre à lattes
Songmics sexy féminin mannequin femme manipulable vitrine mplm07,Bureau Rangement,Portant
Valet de chambre en bambou 5five,Cuisine Salle de bain,Porte serviette
Microsoft clavier wired keyboard 600 blanc,TV Son Multimédia,Clavier souris
Aspirateur avec sac rowenta ro2611ea,Petit Electroménager,Aspirateur traineau
Commode à langer 2 portes et 1 grande niche he taupe teddy,Chambre Literie,Chiffonnier
Lits superposés jelle 90x200 cm rose lilokids blanc laqué avec rideaux et sommier à lattes,Enfant Bébé,Lit jeune
Sublime fauteuils et chaises serie kiev chaises de salle à manger cantilever 2pcs cappuccino similicuir,Canapé Salon Séjour,Chaise
Adaptateur optique f f ac 063,TV Son Multimédia,Accessoire vidéoproj
Tectake salon de jardin bilbao 8 places avec housse de protection marron naturel,Jardin Loisirs Sport,Salon de jardin
Table en bois 180 x 95 cm marron noir brooke,Canapé Salon Séjour,Table
Cadre à lattes 140 x 190 cm 13 lattes noir,Chambre Literie,Sommier
Canapé d angle suzie convertible en tissu angle droit couleur gris clair,Petit Electroménager,Friteuse
Drap housse 90x190cm pixa,Décoration Textile,Drap housse
Lit coffre contemporain avec le sommier relevable en tissu gris 160 x 200 cm diane,Chambre Literie,Lit adulte
Blanreve traversin en coton 180 cm blanc,Chambre Literie,Traversin
Amefa set de coutellerie 24 pcs eclat noir,Décoration Textile,Menagere couvert
Poussette buggy eezy s twist plus black navy blue,Enfant Bébé,Poussette
Lit enfant anna 70x140cm +tiroir+matelas+sommier,Enfant Bébé,Lit jeune
Tapis design torrenta casa capri 80x150cm,Décoration Textile,Tapis de Salon et Ch
Bonbonnière en verre h 18 cm,Bureau Rangement,Boite de rangement
Vidaxl table basse auxiliaire carrée 2 pièces aluminium argenté,Canapé Salon Séjour,Table basse
Portant à v tements métal bambou sur roues 5five,Bureau Rangement,Portant
Hp probook 640 g2 8go ssd 512go,TV Son Multimédia,Pc portable
Poele tous feux y compris induction 24 c,Décoration Textile,Poele
 ensemble matelas + sommier ressort 7 zones h30cm palacio fabrication francaise dimensions 2x90 x 200 cm ,Chambre Literie,Matelas + sommier
Aica miroir mural lumineux led avec anti buée commande par effleurement modèle carré 120x70cm réversible,Cuisine Salle de bain,Miroir salle de bain
Meuble de rangement cube enfant animaux 9 cases,Bureau Rangement,Bibliotheque
Conteneur pliable textile 36x36x58cm de disney mickey,Enfant Bébé,Rangement enfant
Apple ipad air 10 9 wifi 256go argent 4eme generation,TV Son Multimédia,Tablette
Sommier 90x200 cm tapissier blanc pieds inclus,Chambre Literie,Sommier
Console vintage leoni motifs graphiques,Bureau Rangement,Bureau
France ido3d vertical 4 tubes,Enfant Bébé,Loisirs créatifs
Guirlande lumineuse gris rose bleu 10 boules led à piles,Décoration Textile,Objets lumineux
Tapis faye 625,Décoration Textile,Tapis de Salon et Ch
Téléphone mobile xiaomi redmi 9 gris,TV Son Multimédia,Smartphone
Billard américain 203 x 111 x 81 cm,Jardin Loisirs Sport,Billard
Ensemble matelas 140x190 actimemo soft 3zones de confort + sommier kit blanc,Chambre Literie,Matelas + sommier
Ensemble vitalmemo one 180x200 mémoire de forme 3 zones + sommier kit gris,Chambre Literie,Matelas + sommier
Machine à pain 12 programmes fonctions démarrage différé 13h max + maintien au chaud couleur cro te au choix pp blanc noir,Petit Electroménager,Machine a pain
Alpexe cup menstruelle coupe menstruelle discrète et hygiénique en silicone médical,Petit Electroménager,Autre soin personne
Vidaxl cadre de lit crème tissu 90 x 200 cm,Chambre Literie,Lit adulte
Huawei p smart 2021 128gb blush gold eu,TV Son Multimédia,Smartphone
Vidaxl chaise de salle à manger et accoudoirs 2 pcs bleu foncé velours,Canapé Salon Séjour,Chaise
Po le barcelona evershine greenpan,Décoration Textile,Poele
Sofia commode contemporaine chambre salon bureau 128x70x40 dressing 6 tiroirs meuble de rangement scandinave sonoma we,Chambre Literie,Commode
Meuble de rangement placard buffet industriel marron helloshop26 12_0000669,Chambre Literie,Commode
Fira commode contemporaine chambre salon bureau 140x40x98 8 tiroirs meuble de rangement style scandinave dressing mode,Chambre Literie,Commode
4 pieds inox carrés 15 cm,Chambre Literie,Jeu de pied
Bibliothèque 4 cases en bois massif vert bi0017,Bureau Rangement,Bibliotheque
Tapis d activités avec chiffres 10 dalles en mousse,Enfant Bébé,Jouet 1er âge
Séchoir tour slim gimi 44 m d étendage 74 x 69 x 178 cm,Petit Electroménager,Etendoir a linge
Delyan canapé 2 places design tissu gris,Canapé Salon Séjour,Canape droit
Coussin déhoussable franges fringe 30x50cm rose,Décoration Textile,Housse de coussin
Bout de canapé debora table d appoint table à café table basse de salon cadre en métal gris et plateau rectangulaire en mdf gris,Canapé Salon Séjour,Table basse
Desserte bambou 6 tiroirs roulettes 76 cm 5five,Cuisine Salle de bain,Desserte
Fjm sacs aspirateur hyclean pour aspirateur miele,Petit Electroménager,Pièces détachées
Housse de couette 60 coton 40 polyester coca cola sport 140x200 cm,Décoration Textile,Housse de couette
Cuisine complète de 3m dina blanche avec moulures,Cuisine Salle de bain,Cuisine complète
Rosalie meuble tv moderne avec étagères en verre dimensions 45x140x40 rangement matériel audio vidéo meuble télévision ,Canapé Salon Séjour,Meuble tv
Console moderne enora 120 x 67 cm blanc,Canapé Salon Séjour,Console
Etagère de bureau contemporaine h 216 cm carlos coloris gris,Bureau Rangement,Bibliotheque
Mi lite ampoule e27 led intelligente blanc et couleur ,Décoration Textile,Ampoule
Set de table 28 x 44 cm transparent stones zen,Décoration Textile,Linge de table
Guirlande lumineuse enfant nuage l 165 cm bleu,Décoration Textile,Guirlande lumineuse
Acer souris predator cestus 310,TV Son Multimédia,Clavier souris
Congélateur armoire 194 litres,Gros Electroménager,Congelateur
Fmd table de salle à manger 70 cm gris béton et blanc,Canapé Salon Séjour,Table
Giantex malaxeur mélangeur electrique pour peinture et mortier electrique 230v 50hz 1400w batteur mortier agitateur ergonomiqu,Jardin Loisirs Sport,Outil multifonction
Lit adulte 140x200 cm,Chambre Literie,Lit adulte
Sèche linge pompe à chaleur avec condenseur 60cm 9kg a+++ blanc wtx87kh9ff,Gros Electroménager,Seche linge
Lot de 2 rouleaux pour machine mise sous vide largeur 22 cm et 28 cm x 5 mètres ,Petit Electroménager,Autre cuisson
Matelas clic clac 130x190 mousse poli lattex indéformable tissu strech très résistant hauteur 15 cm soutien très ferme + pro,Chambre Literie,Matelas
Como meuble pour machine à laver 64x183x30 rangement buanderie lave linge salle de bain avec placard wenge,Cuisine Salle de bain,Element bas SDB
Olivia sonoma chambre bébé complete lit 70*140cm + commode + armoire chene naturel,Chambre Literie,Ensemble chambre
Vidaxl cadre de lit gris métal 90 x 200 cm,Chambre Literie,Cadre à lattes
Canapé clouté 3 places cardiff velours taupe,Canapé Salon Séjour,Canape droit
Boite 15x24x33 cm,Bureau Rangement,Boite de rangement
Petite cage à oiseaux en fer carré blanc 40 cm x 16 50 cm x 16 50,Décoration Textile,Objet deco
Tapis décoratif en polyester l 45 x l 75 cm imprimé kitchen,Bureau Rangement,Boite de rangement
Vidaxl table d écriture 120 x 60 x 75 cm ch ne et blanc,Bureau Rangement,Bureau
Grille pain support pain tristar br1013,Petit Electroménager,Grille pain
Canapé de relaxation électrique 2 places microfibre simili detente couleur blanc gris,Canapé Salon Séjour,Canape droit
Kit de filtration pour aspirateur ef142,Petit Electroménager,Accessoire aspi
Meuble salle de bain 3 tiroirs sicela bambou,Cuisine Salle de bain,Element bas SDB
Vidaxl 2 pcs chaises de salle à manger beige tissu et ch ne massif,Canapé Salon Séjour,Chaise
Congélateur coffre 311 litres,Gros Electroménager,Congelateur
Montage Rangements Rangement bas petit,,Montage Rangements
 tagère à chaussures 2 étages en sapin,Canapé Salon Séjour,Etagère
Bébé Moniteur Miniboss MB 240 Babyphone avec vision nocturne infrarouge Moniteur pour bébé avec capteur de température et zo,Enfant Bébé,Babyphone
Banquette coffre pliable velours tess l 76 x h 38 cm noir,Bureau Rangement,Coffre
Samsung premium curved gaming moniteur 32 lc27jg50qqu noir,TV Son Multimédia,Ecran PC
Panier pique nique 4 personnes,Cuisine Salle de bain,Panier
Chevet break blanc lot de 2 atmosphera,Chambre Literie,Chevet
Vidaxl bureau d angle blanc et ch ne sonoma 200x50x76 cm aggloméré,Bureau Rangement,Bureau
Lecteur DVD Blu Ray,TV Son Multimédia,Lecteur dvd
Fauteuil scandinave patchwork pieds bois,Canapé Salon Séjour,Chaise
Triomph tm802gb cuisiniere gaz,Gros Electroménager,Cuisiniere
Bambin matelas bébé 60x120 cm hauteur + 10 cm tissu 170 gr m2 déhoussable 4 c tés housse lavable hyppoallergénique plu,Chambre Literie,Matelas
Housse de couette bleu marine 220 x 240 cm 100 coton 57 fils cm pour lit 2 places,Décoration Textile,Housse de couette
Simpur relax matelas 140x190 therapy carbone anti stress épaisseur 19 cm orthopédique tissu 3d système airfresh,Chambre Literie,Matelas
Atmosphera lot de 4 miroirs adhésifs vagues 20x20,Décoration Textile,Miroir
Tapis design pour salon géométrique nicoletta rose 200x290,Décoration Textile,Tapis de Salon et Ch
Totem salle de bain 120cm 4 tiroirs fermetures ralenties double vasque en ceramique + miroir,Cuisine Salle de bain,Ensemble sdb
Table de jardin en bois 60x60cm barcelona bois gris clair table bistrot pliante bicolore carrée en acacia avec 2 chaises p,Cuisine Salle de bain,Ens table chaises
Klarstein beretta hotte aspirante en lot 49 5 cm extraction recirculation 650 m h led noire,Gros Electroménager,Hotte
Chaise de bureau premium pure design pandora blanc,Bureau Rangement,Chaise de bureau
Meuble à chaussures 3 tiroirs en bois noir et gris mc4012,Bureau Rangement,Meuble à chaussures
 en casa lit métallique florenz 160 x 200cm blanc avec t te incurvée thermolaqué sommier à lattes inclus ,Chambre Literie,Lit adulte
Kian b bureau d angle + rangements + 3 tiroirs 112x87x76cm table d ordinateur forme de l table de travail blanc noir,Bureau Rangement,Bureau
Giantex tapis de course electrique pliable 1 à 10 km h 12 programmes avec clé de sécurité moteur 1 0hp ecran multifonctions fer ,Jardin Loisirs Sport,Appareil musculation
Lit bébé pliant à barreaux plats h tre 60x120,Enfant Bébé,Lit bébé
Meuble d entrée design riga l 190 x h 200 cm gris,Bureau Rangement,Vestiaire
Alsapan 94435 compo 02 meuble de rangement étagère blanc,Bureau Rangement,Accessoire dressing
Tracteur électrique avec remorque 22w pour enfant 3km h vert,Enfant Bébé,Véhicule élec enfant
Skadi table basse en bois naturel avec tiroir,Canapé Salon Séjour,Table basse
Ensemble canapés 3+2 places en tissu gris clair fenix,Petit Electroménager,Friteuse
Fauteuil relax inclinable repose pieds réglable pivotant 360 piètement bois rev tement pu noir,Canapé Salon Séjour,Fauteuil
Meuble chaussures banc à chaussures 2 niveaux rangement niche + coffre intégré avec coussin noir,Bureau Rangement,Meuble à chaussures
Matelas evasion 180x200cm mémoire de forme confort ferme,Chambre Literie,Matelas
Demi colonne bas + kit four 60cm noir ,Cuisine Salle de bain,Meuble bas cuisine
Cendrier marocain tatoué bleu nuit petit modèle,Décoration Textile,Objet deco
Canapé convertible design scandinave menthe à l eau yumi,Canapé Salon Séjour,Canape droit
Ensemble mural fly i 2 rangements led 2 meubles tv 2 étagères noir modèle 2,Canapé Salon Séjour,Meuble tv
Chaise velours pied or skull x2 gris,Canapé Salon Séjour,Chaise
T te de lit scandinave capitonnée alta 140 cm tissu gris foncé,Chambre Literie,Tete de lit
Lot de 2 chaises design en velours vert raissa,Canapé Salon Séjour,Chaise
Veilleuse crépusculaire automatique bleu otio,Enfant Bébé,Veilleuse
Vidaxl miroir mural avec étagère 50x50 cm verre trempé,Décoration Textile,Miroir
 linea canapé d angle droit convertible scandinave l 252 x p 190cm couleur bleu canard ,Petit Electroménager,Friteuse
Icaverne lits et cadres de lit serie cadre de lit gris tissu 200 x 200 cm,Chambre Literie,Lit adulte
Parasol droit rond 300cm touquet prune m t central en aluminium orientable et manivelle d ouverture,Jardin Loisirs Sport,Parasol
Assiette à dessert,Décoration Textile,Vaisselle
Matris t te de lit pour lit 160 avec mur de briques en similicuir 162 x 57 x 5 cm rembourrage en mousse et renfort de dossier ,Chambre Literie,Tete de lit
Réfrigérateur combiné icytech icbh340a+ 340l a+,Gros Electroménager,Refrigerateur
75159 l étoile de la mort lego r star wars 0117,Enfant Bébé,Jeu de construction
Lit gigogne sun 90x190 + 2 sommiers + 1 tiroir lit ch ne blanchi,Enfant Bébé,Lit jeune
Alpexe convertisseur numérique spdif optique coaxial toslink adaptateur vers analogique audio stéréo l r rca,TV Son Multimédia,Connectique
Splendide consoles ensemble ramallah table basse haute brillance noir,Canapé Salon Séjour,Table basse
 tendoir gaston blanc et argent,Petit Electroménager,Etendoir a linge
Housse de couette city london 140x200cm 100 coton,Chambre Literie,Couette
Matelas 21 cm 120x200 mémoire de forme très ferme indéformable + protège matelas + oreiller mémoire de forme offerts 120 200,Bureau Rangement,Matelas
Table à café coffre blanc shiro atmosphera,Canapé Salon Séjour,Table basse
Canapé d angle réversible en velours leonard 202 x 80 138 x 92 cm vert foncé,Canapé Salon Séjour,Canapé d'angle
Homemania meuble tv rilla moderne avec portes étagères pour salon noyer anthracite en bois 150 x 35 x 48 cm,Canapé Salon Séjour,Meuble tv
Fauteuil pivotant chicago blanc,Bureau Rangement,Chaise de bureau
Barbecue a charbon vert 30cm,Jardin Loisirs Sport,Barbecue
Table de cuisson à induction 60cm 3 feux 7400w quartz pij633fb1e,Gros Electroménager,Plaque de cuisson
Ensemble table ronde à manger de 2 à 4 personnes cuisine scandinave en verre pieds en bois+4 gris chaises scandinaves 54*54*82cm,Canapé Salon Séjour,Table
Sur matelas 140x190 epais hauteur 7 cm déhoussable aloè vera très moelleux 140 x 190,Chambre Literie,Matelas
Lits superposes 90x200 mezzanine et lit de jeunesse 140x200 bois blanc,Enfant Bébé,Lit jeune
Metronic support tv fixe pour tv 55 à 70 140 à 178cm ,TV Son Multimédia,Support mural tv
Vasagle étagère à chaussures organisateur pour chaussures rangement avec 3 étagères en maille pour entrée salon chambre s,Bureau Rangement,Meuble à chaussures
Perle canapé d angle panoramique convertible bleu canard et gris avec coffre de rangement angle gauche,Canapé Salon Séjour,Canapé d'angle
Plateau rond 60 cm en verre trempé transparent,Canapé Salon Séjour,Table basse
Santal tapis aspect velours rouge 120x170,Décoration Textile,Tapis de Salon et Ch
Matelas alona a ressorts + memoire de forme 80 kg m3 160x200 hauteur + 25 5 cm accueil moelleux soutien equilibre 5 zo,Chambre Literie,Matelas
Bibliothèque avec 5 étagères en pin massif coloris naturel lessivé huilé dim 85 x 30 x 205 cm pegane ,Bureau Rangement,Bibliotheque
Tapis de salon marbré blanc 160x230cm,Décoration Textile,Tapis de Salon et Ch
Giantex bout de canapé à café table de lit à roulettes table d ordinateur portable mobile en mdf noyer table d appoint auxiliair,Canapé Salon Séjour,Friteuse
Housse de coussin carré coton 40x40 cm,Décoration Textile,Coussin
Grand canapé 3 places chesterfield noir,Petit Electroménager,Friteuse
Lot de 4 chaises mandy bleu canard pour salle à manger,Canapé Salon Séjour,Chaise
Porte aliments isotherme 0 85l assorti 065581,Décoration Textile,Boites conservation
Mon chien a tirer,Enfant Bébé,Jouet 1er âge
Klarstein hotspot hotte murale aspirante inox 60cm 610 m h classe a verre,Gros Electroménager,Hotte
Oreiller douceur à mémoire de forme 60x60 cm,Décoration Textile,Taie d'oreiller
Protège matelas évolutif dulce dim 90x140 cm,Décoration Textile,Drap plat
Bloc multiprise mixte lineaire ea2t1s,Décoration Textile,Multiprise
Matelas 160x200 cm atlas multi couches mémoire de forme visco v200 + visco green haute densité noyau hq active latex t,Chambre Literie,Matelas
Lit double à baldaquin romance 160x200 laqué blanc,Chambre Literie,Lit adulte
Vasagle bibliothèque étagère de rangement 4 niveaux pour livres et objets de décoration cadre en acier stable avec crochets,Bureau Rangement,Bibliotheque
Matelas activisco 120x200 mousse mémoire épais confort exceptionnel 7 zones de confort multicouches hr blue latex transpirant 1,Chambre Literie,Matelas
Lustre pampilles 6 ampoules cuimbra i transparent en métal,Décoration Textile,Lustre
Meuble de rangement 7 cases l 76 5 cm x p 29 5 cm x h 70 cm gris et rose,Chambre Literie,Accessoire ch adulte
Cache sommier avec nouettes 160 x 200 cm gris clair,Chambre Literie,Housse sommier
Assiette à dessert 20 5 cm,Décoration Textile,Vaisselle
Fauteuil relaxation 1 place microfibre simili detente couleur blanc gris,Canapé Salon Séjour,Fauteuil relax
Micro ondes encastrable 20l sauter 800w 56cm sms 4320 x,Gros Electroménager,Micro ondes
Hotte plafond intégré kitchenaid kcdc1160 1600m3 h larg 113cm,Gros Electroménager,Hotte
Table murale rabattable en bois table de cuisine pliable table enfant demi ronde blanc fwt10 w sobuy,Canapé Salon Séjour,Table
Meuble de rangement cube rudy 9 cases bois fa on h tre avec 3 portes,Canapé Salon Séjour,Bibliotheque
Pixma ts3351 white,TV Son Multimédia,Imprimante
Bureau moderne blanc anthracite romeo,Bureau Rangement,Bureau
Tabouret bas coffre tess gris foncé atmosphera,Canapé Salon Séjour,Tabouret
Tectake coiffeuse camille avec miroir et rangements,Chambre Literie,Coiffeuse
Assiette creuse,Décoration Textile,Vaisselle
Marckonfort t te de lit tapissée saona 140x60 cm couleur beige rembourré avec de la mousse pour lit 135cm boutons en capitonn,Chambre Literie,Tete de lit
Voilage grande largeur louise beige dimensions 300x260cm,Décoration Textile,Voilage
Filtre charbon actif reference 7313285779,Petit Electroménager,Autre prep culinaire
Tosel liseron lampadaire acier et bois 1xe27 abat jour cylindrique acier lo45xla45xh160 cm noir,Décoration Textile,Lampadaire
Ineck adaptateur cable hdmi male vers double hdmi femelle 2 entrees 1 sortie switch connecteur pour video tv hdtv,TV Son Multimédia,Acc telephonie
Matris matelas double face viscoluxury olympus 90x200 hauteur de 23 + 2 fermeté moyen élevé,Chambre Literie,Matelas
Matelas activisco 140x190 mousse mémoire épais confort exceptionnel 7 zones de confort multicouches hr blue latex transpirant 1,Chambre Literie,Matelas
Lot de 2 chaises de salle à manger tyson style scandinave design nordique piètement bois massif siège coque en plastique noir,Canapé Salon Séjour,Chaise
Actisom matelas 90x200 latex+mémoire de forme maxi épaisseur 7zones de confort,Chambre Literie,Matelas
Acer nitro vg220qbmiix ecran gamer 21 5 fhd dalle ips 1ms 75hz vga hdmi amd freesync,TV Son Multimédia,Ecran PC
Batterie pat patrouille,Enfant Bébé,Jeu d'imitation
Séchoir à linge tour 38m 405774,Petit Electroménager,Etendoir a linge
Lot de 2 chaises capitonnées en velours vert dorina,Canapé Salon Séjour,Chaise
Mobili fiver table basse classico blanc made in italy,Canapé Salon Séjour,Table basse
Miroir mural argenté 60 x 90 cm pabu,Décoration Textile,Miroir
Matris t te de lit pour 150 lits deux tissu antitache diamants 152 x 57 x 5 cm rembourrage en mousse et renfort de dossier cou,Chambre Literie,Tete de lit
Coque renforcée life garantie à vie transparente pour oppo reno 4 pro force case,TV Son Multimédia,Acc telephonie
Tam tam tapis en coton réversible effet cordage jaune diam 120,Décoration Textile,Tapis de Salon et Ch
Surmatelas 90 x 190 cm mousse confort semi ferme housse microfibre épaisseur 5 cm,Chambre Literie,Surmatelas
Robot 3en1 r peur et trancheur 200w rouge 22280 56,Petit Electroménager,Robot de cuisine
Canapé d angle convertible en tissu gris liam,Canapé Salon Séjour,Canapé d'angle
Traversin en coton 160 cm blanc,Chambre Literie,Traversin
Tabouret de bar sans accoudoir chaise de bar chaise de salle à manger lot de 2 rouge,Canapé Salon Séjour,Tabouret
Paris prix pouf coffre de rangement léo 38cm gris,Canapé Salon Séjour,Pouf / repose pied
Integral integral pulse,TV Son Multimédia,Cle usb
Matelas 160x200 cm mister sandman matelas 7 zones de confort hypoallergénique nuit incomparable matelas 2 fermetée épai,Chambre Literie,Matelas
Ensemble de 3 serviettes de table unies 40 x 40cm,Décoration Textile,Linge de table
Cadre décoratif plumes 120 cm golden snail,Décoration Textile,Objet deco
Micro ondes encastrables 900w 21l avec la technologie autopilot 7 et l adaptation automatique au poids,Gros Electroménager,Micro ondes
Fmd étagère murale avec 11 compartiments blanc,Canapé Salon Séjour,Etagère
Besoa emily chaise rembourrée de mousse rev tement polyester pieds acier design rétro rose,Canapé Salon Séjour,Chaise
Matris dream aloe vera matelas visco 90 x 200 hauteur 19 cm + 2 fermeté moyenne toutes mesures,Bureau Rangement,Meuble à chaussures
Fauteuil relaxation en tissu,Canapé Salon Séjour,Fauteuil relax
Icaverne affiches reproductions et uvres graphiques collection ensemble de tableau sur toile coquille multicolore 80x80 cm,Décoration Textile,Image/affiche/poster
Bb lit bébé évolutif en bois berceau 140 x 70 cm + matelas + sommier à lattes + set de lit + ciel de lit prince bleu,Bureau Rangement,Meuble à chaussures
Natural jute tapis en jute vert foncé 160x230,Décoration Textile,Tapis de Salon et Ch
Lot de 20 sets de tables ronds en cuir métallisé diam 32 argent,Décoration Textile,Decoration de table
 winston canapé 3 places chesterfield style industriel couleur marron ,Canapé Salon Séjour,Canape droit
Philips aspirateur balai laveur power pro aqua fc6400 01,Petit Electroménager,Aspirateur balai
Vitiana blanc pack lit 90x200cm + sommier + matelas chypre,Enfant Bébé,Lit jeune
Five abattant wc effet bambou,Cuisine Salle de bain,Abattant wc
Réfrigérateur combiné 302 litres,Gros Electroménager,Refrigerateur
1 chaises scandinave design la mode salle à manger chaises de gris cuisine salon bureau,Canapé Salon Séjour,Chaise
Sobuy bbf01 n réhausseur d écran support de moniteur écran ergonomique support pour écran d ordinateur universal ou écran tv en,Bureau Rangement,Accessoire bureau
Chaise en tissu velours retro gris fauteuil salle a manger scandinave pieds en metal decor bois,Canapé Salon Séjour,Fauteuil
Signal sonic brosse à dents électrique pro sensitive,Petit Electroménager,Autre soin personne
Tapis effet 3d design pour salon rectangle nils gris 120x170,Décoration Textile,Tapis de Salon et Ch
Receveur de douche 80 x 160 cm extra plat piatto en solicast surface ardoisée rectangulaire noir 1801_0,Cuisine Salle de bain,Receveur de douche
Matelas Altessia 140x200cm Ep 18cm Confort Mémoire de forme Garantie 5 ans,Chambre Literie,Matelas
Marchepied pliable 1 niveau acier noir et blanc,Enfant Bébé,Marche pied
Ensemble sommier + matelas energy ressorts ensachés et mémoire de forme 140x190,Chambre Literie,Matelas + sommier
Nappe rectangle pvc morning 140 x 240 cm,Décoration Textile,Linge de table
Drap housse bonnet 30 cm 2 personnes 160 x 200 cm uni 57 fils lina bourgogne,Décoration Textile,Drap housse
Tapis d extérieur intérieur réversible 400g m2 kenya gris 270 x 180 cm,Décoration Textile,Tapis d'extérieur
 p chaise indus tissu bleu pieds noir x2 p ,Canapé Salon Séjour,Chaise
Réfrigérateur combiné 271 litres,Gros Electroménager,Refrigerateur
Table de cuisine salle a manger pliable amovible tres pratique en panneaux de particules,Canapé Salon Séjour,Table
Tapis marelle 80 x 150 cm rose,Bureau Rangement,Boite de rangement
Table console plateau verre industriel bois et acier noir 100 x 40 cm helloshop26 12_0001017,Canapé Salon Séjour,Table
Table basse relevable carrera ch ne clair,Canapé Salon Séjour,Table basse
Buffet meuble tv acier style industriel 3 portes vert sapin pola mobilier tendance,Canapé Salon Séjour,Meuble tv
Vidaxl fauteuil inclinable tv crème tissu,Canapé Salon Séjour,Fauteuil relax
Nuits d or matelas 80x190 très ferme densité 40 kg m3 23 cm orthopédique + oreiller à mémoire de forme valeur 89,Chambre Literie,Matelas
Tectake canapé de jardin venise 7 places gris,Jardin Loisirs Sport,Friteuse
Robinet de cuisine mitigeur d évier noir lavabo style contemporain,Cuisine Salle de bain,Robinet
Lot de 3 étagères cubes kaliopsi blanc,Canapé Salon Séjour,Etagère
Lit superposé enfant en bois blanc thimeo 90 x 190 cm,Enfant Bébé,Lit jeune
Matelas ergolatex 80x190 cm système mousse hq multicouches blue latex+réversible+hypoallergénique+aération optimale+7 zones er,Chambre Literie,Matelas
Giantex desserte de cuisine meuble de rangement de style industriel buffet bas avec 3 étagères pour salon chambre 70x30x81 cm,Cuisine Salle de bain,Desserte
Tapis aspect béton 200x290cm noir et gris,Décoration Textile,Tapis de Salon et Ch
Metronic metronic radio réveil sportsman radio réveil 0 5 watt,TV Son Multimédia,Radio reveil
Bultex surmatelas memo 160x200 cm memoire de forme 40kg m3 2 personnes,Chambre Literie,Surmatelas
Meuble de salle de bain apollo 40cm avec miroir béton lavabo miroir meuble,Cuisine Salle de bain,Ensemble sdb
Azulejos vinyle tapis de cuisine carreaux de ciment noir 45x75,Décoration Textile,Tapis de Salon et Ch
Bac de récupération pour lave vaisselle 60 cm transparent,Gros Electroménager,Accessoire lavage
Alimentation pour acer aspire f15 f5 573 serie adaptateur chargeur 19v 2 37a 5 5mm 1 7mm visiodirect ,TV Son Multimédia,Chargeur
Etagere bibliotheque deltakids etagere enfant rangement jouets livres en bois gris,Bureau Rangement,Bibliotheque
 nairobi canapé d angle convertible en tissu 5 places avec t tières gauche couleur beige ,Petit Electroménager,Friteuse
Klarstein helena 90 hotte murale aspirante 90cm extraction 595 m h ecran led classe a blanc,Gros Electroménager,Hotte
Sèche cheveux de voyage 1200w hd2359,Petit Electroménager,Seche cheveux
Miroir 52 cm,Décoration Textile,Miroir
Portemanteaux avec porte parapluie en tube laqué gris dim d280 x h1750 mm pegane ,Bureau Rangement,Porte manteau
Hoverkart,Jardin Loisirs Sport,Gyropode
Table basse moderne pour salon avec un espace de rangement denver sonoma,Canapé Salon Séjour,Table basse
Tapis de souris gaming,TV Son Multimédia,Clavier souris
Aica 120x90cm porte de douche coulissante paroi de douche 8mm verre sécurité anticalcaire hauteur 195cm,Cuisine Salle de bain,Cabine de douche
Sommier bultex 2x80x200 cm sommier tapissier,Chambre Literie,Sommier
Lot de 2 chaises tissu patchwork scandinaves NADA bleu ,Canapé Salon Séjour,Chaise
Magnifique tables edition avarua fmd table de chevet avec 3 tiroirs gris béton et blanc brillant,Chambre Literie,Chevet
Bibliotheque,Bureau Rangement,Bibliotheque
Bouilloire 1 2 litres,Petit Electroménager,Bouilloire
Toile imprimée 3D 28x28 cm,Décoration Textile,Toile et laminage
Matelas ressorts ensachés+mémoire de forme actiflex morpho 160x200 maxi épaisseur 5zones de confort,Chambre Literie,Matelas
Jeux de 5 pieds pieds pour cadres lattes,Chambre Literie,Jeu de pied
Bureau pour ordinateur informatique avec 2 tiroirs 110 x 45 x 76 cm blanc,Bureau Rangement,Bureau
Table basse scandinave fjord l 90 x h 40 cm marron,Canapé Salon Séjour,Table basse
Lot de 4 chaises scandinave en simili cuir noir plastique et pieds bois foncé cds04536,Canapé Salon Séjour,Chaise
Hotte décorative 641m h continental edison 60cm c cehp60ix,Gros Electroménager,Hotte
Chiffonnier kroos 6 tiroirs structure blanc fa ade laquée blanc brillant,,Chiffonnier
Serre en bois jardin chassis de couche herba 100 x 40 x 60 cm,Jardin Loisirs Sport,Serre de jardin
 en casa table de nuit avec 1 tiroir et 1 étagère métal rev tu par poudre panneaux de particule de bois 49x45x40 cm noir et eff,Chambre Literie,Chevet
Lot de 6 chaises de séjour littau simili cuir blanc pieds clairs,Canapé Salon Séjour,Chaise
Lot de 6 chaises sara bleu canard pour salle à manger,Canapé Salon Séjour,Chaise
Chic range chaussures confortime 5 etagères noir 50 x 19 x 68 cm ,Bureau Rangement,Meuble à chaussures
Matelas ressorts + sommier 160x200 cm,Chambre Literie,Matelas + sommier
London lit coffre adulte contemporain simili blanc sommier inclus l 180 x l 200 cm,Chambre Literie,Lit adulte
Vidaxl cadre de lit avec led gris similicuir 90 x 200 cm,Chambre Literie,Cadre à lattes
Tabouret en bois brut,Jardin Loisirs Sport,Tabouret
Hotte décorative 60 cm,Gros Electroménager,Hotte
Parure de draps 260x300 cm en coton 57 fils subtil taupe par soleil d ocre,Décoration Textile,Parure de lit
Lit superposé 3 places mateo 90x190 blanc blanc livré avec sommier tiroir et matelas de 7cm offert ,Enfant Bébé,Lit jeune
Coupelle 16 5 cm bali bleu vert lot de 6 ,Décoration Textile,Vaisselle
Meuble four encastrable 60cm bordeaux ,Cuisine Salle de bain,Meuble bas cuisine
 en casa lit métallique florenz 140 x 200cm noir avec t te incurvée thermolaqué sommier à lattes inclus ,Chambre Literie,Lit adulte
Malo tricycle poussette pliable avec guidons parental dès 6 mois noir,Jardin Loisirs Sport,Vélo
Matelas mousse à mémoire de forme absolu 90x190,Chambre Literie,Matelas
Rideau de douche esprit loft,Cuisine Salle de bain,Rideau de douche
Parure de couette 220 x 240 cm coton 57 fils + 2 taies artchic rose,Décoration Textile,Housse de couette
Matelas ressorts ensachés 5 zones ferme embellie 80x190,Chambre Literie,Matelas
Support de bureau ultra réglable pour 1 écran pc 13 32 ,TV Son Multimédia,Support mural tv
Mega motion hoverboard bluetooth 6 5 pouces violet chromé + hoverkart bleu gyropode overboard smart scooter certifié kit kart,Jardin Loisirs Sport,Gyropode
Casier de rangement 8 cases timeus blanc,Bureau Rangement,Boite de rangement
Rideau a oeillets 135x240 cm occultant imp Metallise genesis anthracite argent,Décoration Textile,Rideau
Tablette 9 7 pouces,TV Son Multimédia,Tablette
Parure housse de couette microfibre tropicale 140x200 cm,Décoration Textile,Parure de lit
Housse de couette pièces 57 fils 2 personnes 240x260 cm belladonna violet prune,Décoration Textile,Housse de couette
Meuble tv contemporain coloris ch ne gris vigo,Canapé Salon Séjour,Meuble tv
Bureau d angle geranio 124 cm blanc style scandinave,Bureau Rangement,Bureau
Atmosphera pot à suspendre en verre et jute d 18 cm,Jardin Loisirs Sport,Pot jardiniere
Playseat siège de simulation evolution racing alcantara noir noir,TV Son Multimédia,Accessoire jeu vidéo
Matelas majestad 140x190 cm Mémoire de forme paisseur 30 cm,Chambre Literie,Matelas
Canapé droit scandinave elga convertible 3 places en tissu gris clair,Canapé Salon Séjour,Canape droit
Klarstein garfield eco a++ congélateur 4 étoiles 34 litres compact argenté,Gros Electroménager,Congelateur
Canapé droit scandinave elga convertible 3 places en tissu gris foncé,Canapé Salon Séjour,Canape droit
Carrera stella 1800 watts cheminee electrique decorative et chauffage dappoint,Petit Electroménager,Cheminée Poele
Greaden chauffage table infrarouge parasol chauffant jardin mobile radiateur terrasse électrique esthétique extérieur ip44 halo,Jardin Loisirs Sport,Parasol chauffant
Lit cabane enfant willow blanc,Enfant Bébé,Lit jeune
Congélateur coffre 100l froid statique haier 57cm a+ hce103f,Gros Electroménager,Congelateur
Royalty line pkm 1900 7 robot de cuisine 1900w noire,Petit Electroménager,Robot de cuisine
Icaverne meubles tv ligne meuble tv ch ne sonoma 120x30x30 cm aggloméré,Canapé Salon Séjour,Meuble tv
Apple iphone 11 128go vert,TV Son Multimédia,Smartphone
Icaverne tables basses ligne table basse en aggloméré 90 x 59 x 42 cm ch ne,Canapé Salon Séjour,Table basse
E com bureau ares 145 cm corps chene artisan facade blanche,Bureau Rangement,Bureau
Gaspo pont de bassin en bois 152 x 67 cm,Jardin Loisirs Sport,Accessoire jardin
Smartphone 5 45 ,TV Son Multimédia,Smartphone
Barbecue nomade a charbon cuisson saine barbecute noir,Jardin Loisirs Sport,Barbecue
Fauteuil design en velours solaro 78cm jaune,Canapé Salon Séjour,Fauteuil
Auvent marquise de porte design vo té arrondi dim 195l x 80l x 23h cm polycarbonate plastique noir,Jardin Loisirs Sport,Auvent
Atmosphera pendule murale design tropique d 22 cm,Décoration Textile,Horloge
Matelas mathieu a ressorts ensaches + 4 cm memoire de forme 80 kg m3 + alese 70x190 hauteur + 21 cm accueil ferme soutie,Bureau Rangement,Meuble à chaussures
Matelas memory s 30 180x200 multicouches hr blue latex mousse à mémoire de forme v60 qualité supérieure haut de gamme epais 30 ,Chambre Literie,Matelas
7 zones matelas top premium 160x200 matelas roulé mousse 160 x 200,Chambre Literie,Surmatelas
Buffet rural commode bahut vaisselier en pin massif blanc avec 3 tiroirs et 3 portes meuble de rangement style mexicain en bois,Canapé Salon Séjour,Petit meuble séjour
Moniteur tft Ultra HD 4K 28 ,TV Son Multimédia,Ecran PC
Meuble tv noir et blanc 189 cm avec led,Canapé Salon Séjour,Meuble tv
Olympe matelas naxos mousse à mémoire de forme 180x200 cm,Chambre Literie,Matelas
Charnières lot de 2 four cuisinière whirlpool 481010724327,Gros Electroménager,Accessoire cuisson
Surmatelas mousse confort someo s55 140x200,Bureau Rangement,Meuble à chaussures
Moteur 2 x 6000 n pour lit electrique + télécommande sans fil,Chambre Literie,Sommier
Lit enfant luk 160 x 80 cm + sommier + matelas + tiroir + barrière de protection,Enfant Bébé,Lit jeune
Buffet commode livio pin massif blanc,Canapé Salon Séjour,Buffet
Banc bois 3 cases mix gris,Chambre Literie,Banc de lit
Bureau en panneau de particules coloris blanc gris l38 5 x h91 6 x p53 5 cm pegane ,Bureau Rangement,Bureau
Couette imprimée 140x200 cm exotique noir,Chambre Literie,Couette
Charbons moteur pour vestel x2 pour lave linge haier 5284034,Petit Electroménager,Pièces détachées
Couette la coton bio 140x200cm,Chambre Literie,Couette
 livre interactif magibook les héros pixar,TV Son Multimédia,Jeux vidéo
Support mural pour TV de 40 à 75 ,TV Son Multimédia,Support mural tv
Pied reglable pour refrigerateur lg,Petit Electroménager,Pièces détachées
Chaise de bureau design contemporain hauteur réglable pivotant 360 piètement chromé p u noir,Bureau Rangement,Chaise de bureau
Vidaxl cadre de lit à rangement avec led blanc similicuir 160x200 cm,Chambre Literie,Cadre à lattes
Lave linge frontal 10kg beko 1200tr min 60cm a+++ bek8690842395802,Gros Electroménager,Lave linge
Coburg table a manger extensible de 6 a 10 personnes classique decor chene l 137 177 x l 80 cm,Canapé Salon Séjour,Table
Table de lit pour ordinateur portable ipad lecture avec plateau inclinable à hauteur assistée tables de chevet fbt07n2 w sobuy,Bureau Rangement,Accessoire bureau
Atmosphera parure de lit 2 personnes 260 x 240 cm housse de couette avec 2 taies imprimé tropik,Décoration Textile,Housse de couette
Lampadaire design blosson h140cm en métal noir,Décoration Textile,Lampadaire
Matelas ressorts ensachés+mémoire de forme actiflex zen 160x200 maxi épaisseur 7zones de confort,Chambre Literie,Matelas
Ecd germany store vénitien aluminium 80 x 175 cm noir ailettes en aluminium protection visible légère et anti éblouissant,Décoration Textile,Store
Camden buffet contemporain bois motifs géométriques couleur naturel,Canapé Salon Séjour,Buffet
Store enrouleur jour nuit bicolore 60 x 90cm,Décoration Textile,Store
Tabouret de bar design marcel mini white 46x46x107 cm,Canapé Salon Séjour,Tabouret
Banc coffre de rangement lapin 76x38x38 cm,Bureau Rangement,Coffre
Chaise avec accoudoirs velours talia bleu,Canapé Salon Séjour,Chaise
Fauteuil cabriolet tissu couleur lin perry,Canapé Salon Séjour,Fauteuil
Vidaxl tabourets de bar pivotants 2 pcs blanc similicuir,Canapé Salon Séjour,Chaise
Superbe chaise de bureau fauteuil de bureau bamako,Bureau Rangement,Chaise de bureau
Applique murale café giove 1 ampoule,Jardin Loisirs Sport,Eclairage exterieur
Réfrigérateur 2 portes schneider scdd208vb,Gros Electroménager,Refrigerateur
Meuble living tv 65 pouces ch ne ecru,Canapé Salon Séjour,Meuble tv
Presse fruits tristar cp2262,Petit Electroménager,Centrifugeuse
Chaise bistrot design d antan en bois isak marron,Canapé Salon Séjour,Chaise
Canapé d angle fixe en cuir reconstitué weston noir angle droit,Canapé Salon Séjour,Canapé d'angle
Appareil photo numérique enfants kiddypix blizz rose,TV Son Multimédia,Appareil  photo
Tectake tonnelle 3 x 3 x 2 5 m blanc,Jardin Loisirs Sport,Tonnelle
Armoires penderie etagère tissu marron entrée chambre camping helloshop26 2002001,Bureau Rangement,Penderie
Fauteuil azua hespéride anthracite graphite,Cuisine Salle de bain,Ens table chaises
Porte accordéon pliante pvc salle de bain extensible coulissante largeur 80 cm brun clair helloshop26 2008123,Cuisine Salle de bain,Accessoire sdb
Meuble bas de salle de bain sicela bambou,Cuisine Salle de bain,Element bas SDB
Paris prix parure de lit 3 pieces 220x240cm romeo,Décoration Textile,Parure de lit
Tosel cavalaire b lampadaire acier blanc 1xe27 abat jour cylindrique tissu blanc 44 x 200 cm blanc,Décoration Textile,Lampadaire
Table 184 cm,Canapé Salon Séjour,Table
Ensemble vital relax 140x200 + sommier kit gris,Chambre Literie,Matelas + sommier
Chariot à roulettes pliable et transportable pour table de massage,Petit Electroménager,Autre soin personne
Giantex machine à gla ons portable machine pour glace réservoir 2 2l 12kg 24h 9 gla ons par 6 13min pour maison bureau café,Petit Electroménager,Autre prep culinaire
Caisson simon sur roulettes blanc dim 36 x 40 x 65 cm pegane ,Bureau Rangement,Rangement bureau
Meuble tv banc tv élégant single 100 cm blanc mat blanc brillant sans led style moderne,Canapé Salon Séjour,Meuble tv
Brise vue occultant 1 5 x 10 m vert 400 gr m ultra résistant,Jardin Loisirs Sport,Brise vue
Grosfillex bain de soleil fidji lin,Jardin Loisirs Sport,Bain de soleil
Smeg grille pain vert d eau 950w 2 tranches tsf01pgeu,Petit Electroménager,Grille pain
Lave vaisselle 60cm 12c 48db a+ tout intégrable smv46ax00e,Gros Electroménager,Lave vaisselle
Cendrier anti fumée marocain turquoise moyen modèle,Décoration Textile,Objet deco
Parure housse de couette dessin placé 240x220 cm caresse 100 coton 57 fils cm2,Décoration Textile,Housse de couette
Toodoo tapis motifs carreaux de ciment rouge 40x60,Décoration Textile,Tapis de Salon et Ch
Matelas Venise 160x200cm Multi technologies Ep 32 cm Mémoire de forme Latex respirant,Chambre Literie,Matelas
Kit de tiroir pour cuisine et salle de bain vantage q,Cuisine Salle de bain,Meuble bas cuisine
Dia665gris 80x150,Décoration Textile,Tapis de Salon et Ch
Table de bar table bistro chic style contemporain table carrée hauteur réglable dim 60l x 60l x 82 103h cm métal chromé mdf bla,Canapé Salon Séjour,Bar
Tectake canapé de jardin pise 5 places avec coffre de rangement variante 2 gris,Jardin Loisirs Sport,Salon de jardin
Suspension industrielle darwin noire intérieur doré en métal,Enfant Bébé,Suspension
Pouf pliable oxford,Canapé Salon Séjour,Pouf / repose pied
 glen canapé d angle réversible convertible en tissu 4 places style contemporain couleur gris clair ,Canapé Salon Séjour,Canapé d'angle
Bureau d entrée ch ne métal 1 tiroir bureau industriel 112 x 51 x 76cm,Bureau Rangement,Bureau
Chaise texas grise noire lot de 2 ,Canapé Salon Séjour,Chaise
Table de cuisson induction whirlpool acm8810ne,Gros Electroménager,Plaque de cuisson
Housse de canapé rouge 3 places + 2 housses de fauteuil 1 place ,Canapé Salon Séjour,Housse canapé
Mug à couleur uniforme avec anse tasse originale couleur bleu,Jardin Loisirs Sport,Accessoire camping
Tabouret de bar sydney marron,Canapé Salon Séjour,Tabouret
Tectake ustensiles de cuisine 13 pièces,Décoration Textile,Ustensiles
Plaque de porte c ur murale salle de bain gris 13cm,Décoration Textile,Objet deco
Porte revues mural en métal industriel 35cm or,Canapé Salon Séjour,Porte revue
Lot de 2 chaises bistrot en bois et métal atelier metal,Canapé Salon Séjour,Chaise
Tiroir lit sommier relevable h tre 80x190 brut,Chambre Literie,Tiroir de lit
Parure housse de couette 140 x 200 cm attrape reves namaste,Décoration Textile,Parure de lit
Fauteuil chaise de bureau king avec accoudoirs hauteur réglable rev tement synthétique blanc,Bureau Rangement,Chaise de bureau
Meuble à chaussures 3 portes abattantes 3 compartiments panneaux particules noir laqué,Bureau Rangement,Meuble à chaussures
Matelas bébé bio 60x120 cm haute densité 30kg tissu aloe vera épaisseur 10 cm mi ferme déhoussable garantie 5 ans,Chambre Literie,Matelas
Vidaxl chaises de salle à manger 6 pcs bleu tissu,Canapé Salon Séjour,Chaise
Appareil photo numérique bridge,TV Son Multimédia,Appareil  photo
Oneconcept ecowash xl machine à laver de camping 4 2 kg essoreuse 3 kg 300w blanc,Gros Electroménager,Lave linge
Lit london structure de lit capitonnée noir avec coffre de rangement intégré 140x190 cm,Chambre Literie,Lit adulte
Tapis grand dimensions elegant 04 gris 60 x 110 cm tapis de salon moderne design par unamourdetapis,Décoration Textile,Tapis de Salon et Ch
Vidaxl tapis imprimé beige 80 x 150 cm polyester,Décoration Textile,Tapis de Salon et Ch
Tabouret de bar pivotant blanc et bois clair 65 cm bent,Canapé Salon Séjour,Tabouret
Lit 140x190 cm en PU,Chambre Literie,Lit adulte
Matelas 140x190 à ressorts ensachés mémoire de forme à 13 zones modèle positano,Chambre Literie,Matelas
Canapé fixe 2 places,Canapé Salon Séjour,Canape droit
Portant à roulettes,Bureau Rangement,Portant
Tapis geo 200x290cm gris rouge,Décoration Textile,Tapis de Salon et Ch
Vidaxl tables basses 2 pcs argenté aluminium,Canapé Salon Séjour,Table basse
Altokit sommier démontable 18 lattes 90x190cm,Chambre Literie,Sommier
Philips 75pus7354 12 tv 190 5 cm 75 4k ultra hd smart tv wifi argent,TV Son Multimédia,Tv ecran plat
Berlin rose canapé scandinave convertible 3 places rose,Canapé Salon Séjour,Canape droit
Bibliothèque coloris naturel en bois l 61 x p 29 7 x h 91 2 cm pegane ,Bureau Rangement,Bibliotheque
Couteau électrique 95w blanc em1001,Petit Electroménager,Couteau electrique
Plaid 100 polyester 125 x 150 cm flanelle jacquard uni zeline rose,Décoration Textile,Plaid
Couette la lavable à 95 240x260cm,Chambre Literie,Couette
Adaptateur pour iphone x 8 et 8 plus 7 7 plus lightning m le à jack 3 5 mm audio c ble femelle support ios 10 3 1 ou au des,TV Son Multimédia,Access. PC Tablette
Vidaxl table basse avec dessus de table rectangulaire,Canapé Salon Séjour,Table basse
T te de lit déco sable chiné 160 someo,Chambre Literie,Tete de lit
Bébé à bord Nattou Noa le cheval,Enfant Bébé,Accessoire de voyage
Chargeur secteur adaptateur usb iphone universel blanc,TV Son Multimédia,Chargeur
Meuble tv syvis 140 cm blanc mat noir brillant led,Canapé Salon Séjour,Meuble tv
Support rotatif TV,TV Son Multimédia,Support mural tv
Meuble tv hifi ch ne 121 cm 3 portes,Canapé Salon Séjour,Meuble tv
Caisson de bureau à roulettes 3 tiroirs feuilles d or,Bureau Rangement,Elément de bureau
Gregory solide et confortable sommier tapissier noir + pieds en 20 cm pour matelas en 160x200 2 x 13 lattes montage rapide,Chambre Literie,Lit adulte
Meuble de salon moderne modules salle à manger belus,Canapé Salon Séjour,Meuble tv
Ensemble table de repas avec 6 chaises design madrid noir blanc,Canapé Salon Séjour,Table
Tabouret lord or,Canapé Salon Séjour,Tabouret
Pied tv pour 32 a 55 orientable reference l00566,TV Son Multimédia,Accessoire vidéoproj
Refrigerateurs integrable beko bcha 275 k 3 s,Gros Electroménager,Refrigerateur
Fauteuil gaming chaise gamer dossier et hauteur réglable roulettes pivotantes repose pied tissu 58l x 72l x 108 118h cm rouge no,Bureau Rangement,Chaise de bureau
Hotte visiere 60cm noir brandt bhc9602b,Gros Electroménager,Hotte
Namia banquette convertible en tissu gris 2 places,Canapé Salon Séjour,Canape droit
Trampoline de jardin enfants 1 65 1 62h m filet de sécurité porte zipée couvre ressorts + 6 poteaux rembourrés inclus noir r,Jardin Loisirs Sport,Trampoline
Meuble tv blanc mat fa ades en bordeaux laquées led blanc,Canapé Salon Séjour,Meuble tv
Matelas emeraude mémoire de forme 24 cm 160 x 200 cm,Bureau Rangement,Meuble à chaussures
Vidaxl meuble tv noir 120 x 30 x 37 5 cm aggloméré,Canapé Salon Séjour,Meuble tv
Table basse walt,Canapé Salon Séjour,Table basse
Chaise de salle à manger pied or skull x2 rose,Canapé Salon Séjour,Chaise
Lot de 2 chaises à manger velours métal rosé,Canapé Salon Séjour,Chaise
Cdaffaires nappe rectangle 150 x 240 cm polyester bicolore garden taupe anthracite,Décoration Textile,Linge de table
Poubelle cuisine 20 L gris,Cuisine Salle de bain,Poubelle cuisine
Fauteuil de bureau pro kansas xxl fauteuil directorial pivotant charge jusqu à 150kg similicuir marron,Bureau Rangement,Chaise de bureau
Housse antimite lot de 6,Bureau Rangement,Housse vetement
 tagère 8 cases mix n modul noir + 8 bo tes anthracite five,Canapé Salon Séjour,Etagère
Receveur de douche 80 x 120 cm extra plat piatto en solicast surface ardoisée rectangulaire noir 1801_0,Cuisine Salle de bain,Receveur de douche
Paris prix tapis galets esprit zen 57x115cm beige,Décoration Textile,Tapis de cuisine
Matelas 60 x 120 cm matelas hypoallergénique ergonomique sans matière nocive matelas en mousse épaisseur 5 cm,Bureau Rangement,Matelas
Séchoir a linge garnier jusqu à 40m d espace de séchage et400,Petit Electroménager,Etendoir a linge
Lit surélevé ludique jelle 90x190 cm tracteur vert beige lilokids blanc laqué avec rideaux,Enfant Bébé,Lit jeune
Simpur relax matelas 160x200 thé vert réversible epaisseur 19 cm thermo regule hypoallergénique extr mement durabl,Chambre Literie,Matelas
Support sur pied mobile pour écran tv lcd led extra large 60 100 ,TV Son Multimédia,Support mural tv
Matelas 160 x 200 cm en mousse gel épaisseur 15 cm mister sandman housse douce en microfibre,Chambre Literie,Matelas
Night chevert noir liseré blanc,Chambre Literie,Chevet
Lot de 4 chaises de salle à manger saba avec poignée intégrée et piétement chromé rev tement en synthétique gris,Canapé Salon Séjour,Chaise
Etagère d angle de salle de bain,Cuisine Salle de bain,Accessoire sdb
Klarstein flintstone steel four fumoir électrique avec thermomètre intégré 1600w inox,Gros Electroménager,Four
Crédence cuisine aluminium ciment style colors l60xh70cm,Décoration Textile,Image/affiche/poster
Alpexe enregistreur convertisseur de vidéo audio bo tier d acquisition carte de capture video vhs video capture usb pour m,TV Son Multimédia,Connectique
Matelas + sommier kit gris 140x190 memo luxe ressorts ensachés + mémoire de forme maxi épaisseur,Bureau Rangement,Meuble à chaussures
Receveur de douche a carreler 80x120cm bonde caniveau noir mat,Cuisine Salle de bain,Receveur de douche
 sommier tapissier à lattes gris chine made in france dimensions 160 x 200 cm ,Chambre Literie,Sommier
Micro ondes encastrable 40l whirlpool 900w 59 5cm c w 6 mw 461,Gros Electroménager,Micro ondes
Bande led couleurs 5 m 30 leds et 7 2 w m ip20 12v,Décoration Textile,Ampoule
Table d appoint en fer de couleur noire l 36 x l 36 x h 52 cm pegane ,Canapé Salon Séjour,Table
Matelas 180x200 à mémoire de forme 30 cm modèle imperial,Chambre Literie,Matelas
Taie d oreiller en percale de coton 65 x 65 cm beige,Décoration Textile,Taie d'oreiller
Colonne de douche avec mitigeur thermostatique set de douche chromé,Cuisine Salle de bain,Colonne de douche
Protège matelas 90X190cm,Bureau Rangement,Meuble à chaussures
Toile imprimée bisou minnie disney 70 x 50cm noir blanc,Décoration Textile,Toile et laminage
Balconnet porte bouteilles pour refrigerateur samsung da63 07387a,Petit Electroménager,Pièces détachées
Nevada gris table rectangulaire extensible,Canapé Salon Séjour,Table
Lot de 4 pieds de sommier carrés en h tre haut 15 cm,Chambre Literie,Jeu de pied
Four encastrable multifonction 78l sharp 2800w 59 4cm a k 71 v 28 bm 2,Gros Electroménager,Four
Vidaxl miroir mural style baroque 120 x 60 cm blanc,Décoration Textile,Miroir
Armoire nexo de 134 cm,Canapé Salon Séjour,Buffet
Table basse relevable 2 allonges noir et gris studio,Canapé Salon Séjour,Table basse
Titanium 22 sommier 2x22 lattes 140x190cm,Chambre Literie,Cadre à lattes
Altolattes pack sommier 2x20 lattes 130x190cm + pieds bleus + pied central,Chambre Literie,Sommier
Applique murale salle de bain design led ip44 12w blanc neutre 4000k 5500k,Décoration Textile,Applique
Kensington repose poignet clavier en gel noir,TV Son Multimédia,Access. PC Tablette
Vase design conique 70cm transparent,Décoration Textile,Vase
Chic lits et accessoires serie douchanbé cadre de lit avec led noir similicuir 140 x 200 cm,Chambre Literie,Lit adulte
Parure de draps coton exotique 160x200cm,Décoration Textile,Parure de lit
Banc coffre winnie velours taupe pieds or,Canapé Salon Séjour,Pouf / repose pied
Pack pr t à dormir vital relax 160x200 + sommier kit blanc + 2oreillers + couette,Chambre Literie,Matelas + sommier
Chaise haute essentiel gris azur,Enfant Bébé,Chaise haute bébé
Grafic tapis effet marbre 160 x 230 cm argent,Décoration Textile,Tapis de Salon et Ch
Blackpool buffet de cuisine 2 portes 3 tiroirs décor chene et noir l 90 x p 40 x h 178 cm,Cuisine Salle de bain,Buffet de cuisine
Souris optique sans fil logitech 910 005448 4000 dpi noir,TV Son Multimédia,Clavier souris
Abat jour cylindre cylindre galet gris tissu,Décoration Textile,Abat jour
Porte manteau naturel en h tre massif avec 4 crochets sur 4 pieds 44 x 44 x 182 cm pegane ,Bureau Rangement,Porte manteau
Set de 4 casseroles et 2 po les avec rev tement en marbre tailles différentes couleur cuivre,Décoration Textile,Batterie de cuisine
Trottinette électrique urbanglide 85+ 36v 350w 7 5ah,Jardin Loisirs Sport,Trottinette
Meuble TV Haut à niche 204 cm,TV Son Multimédia,Meuble tv
Cadre de lit solide stylé à sommier à lattes lit double design en pin et bois stratifié capacité de charge 150 kg 140 x 200 cm b,Chambre Literie,Lit adulte
Lit enfant emma white 80x160 avec matelas sommier et tiroir blanc livraison gratuite,Enfant Bébé,Lit jeune
Asus carte mère asus b250 mining expert btc intel b250 sockel 1151 noir,TV Son Multimédia,Carte mère
Parure housse de couette 260x240 cm en coton 57 fils galaxy naturel par soleil d ocre,Décoration Textile,Housse de couette
Sèche linge pompe à chaleur 11kg tambour 125l connecté wi fi,Gros Electroménager,Seche linge
Aica miroir cosmétique mural biseauté double épaisseur 65cmx90cm,Cuisine Salle de bain,Miroir salle de bain
Icaverne meubles tv edition meuble tv ch ne sonoma 80x34x36 cm aggloméré,Canapé Salon Séjour,Meuble tv
Absorbeur d humidité 20m 1852173,Petit Electroménager,Déshumidificateur
Vidaxl tapis en laine tissée à la main 80x150cm noir blanc,Décoration Textile,Tapis de Salon et Ch
Homemania set 5 tableau coucher de soleil maisons dessinées pour séjour chambre en mdf 108 x 70 cm,Décoration Textile,Toile et laminage
Bureau informatique,Bureau Rangement,Bureau
Panorama tapis du sol vinyle carreaux de ciments orange 80 x 200 cm tapis de cuisine en pvc linoléum vinyle antidérapant lava,Décoration Textile,Tapis de cuisine
Lampadaire helix métal noir,Décoration Textile,Lampadaire
Hotte décorative 600m h electrolux 90cm c ele7332543671243,Gros Electroménager,Hotte
Buffet bahut contemporain 189 cm coloris ch ne yannick,Canapé Salon Séjour,Buffet
Pack matelas regen 140x190 + sommier noir + couette + 2 oreillers,Chambre Literie,Matelas + sommier
Couverts à salade en inox brillant,Décoration Textile,Ustensiles
Bureau compact,Bureau Rangement,Bureau
Set de 2 bouts de canapé,Canapé Salon Séjour,Table basse
Vidaxl panier à linge rectangulaire bambou naturel,Cuisine Salle de bain,Panier à linge
Réfrigérateur top 56cm 120l a++ blanc ktl15nw3a,Gros Electroménager,Refrigerateur
Hobby tech adaptateur pour iphone 4 4s vers iphone 5 5c 5s audio + charge blanc,TV Son Multimédia,Acc telephonie
Maserati ghibli voiture electrique 2 x 25w pour enfant bleu 110 x 64 x 48cm marche avant et arrière phares fonctionnels m,Enfant Bébé,Véhicule élec enfant
FURNIX meuble tv banc tv moderne Helmi 100 cm blanc mat blanc brillant avec LED,Canapé Salon Séjour,Meuble tv
Tunnel igloo et tente + 200 balles pour enfant jeu,Jardin Loisirs Sport,Jeux d'exterieur
 tagère murale bibliothèque montage horizontal vertical blanc mate 68 5x161x25,Bureau Rangement,Bibliotheque
T te de lit 160 diamanda tissu bois 160x118x8 couleur gris foncé,Chambre Literie,Tete de lit
Rideau de douche relaxation ,Cuisine Salle de bain,Rideau de douche
Klarstein laurel hotte murale aspirante 90cm 350 m h panneau tactile classe b blanche,Gros Electroménager,Hotte
T te de lit luxor 160cm velours violet,Chambre Literie,Tete de lit
Ensemble exclusive 160 x 200 cm sommier noir,Chambre Literie,Matelas + sommier
Bureau informatique ase noir et blanc,Bureau Rangement,Bureau
Commode adulte moderne ch ne noir france,Chambre Literie,Coiffeuse
Petit étagère ronde à fleurs porte fleur plante multicouche planche rétro stand verre trempé,Jardin Loisirs Sport,Armoire de jardin
Lit adulte avec t te de lit capitonnée en tissu gris foncé sommier à lattes 160x200cm collection milo,Chambre Literie,Lit adulte
Armoire vitrine helio 75 cm pour salon neuf laqué led design,Canapé Salon Séjour,Vitrine
Chevet 1 tiroir,Chambre Literie,Chevet
Matelas premium 120x200 matelas certifié oeko tex standard 100,Chambre Literie,Matelas
Matelas latex naturel 80x200 x 23 cm ferme + oreiller visco + alèse tissu 100 coton 7 zones de confort noyau poli lattex ,Chambre Literie,Matelas
Feeric christmas décoration murale en bois et plume 40 x 68 cm jungle africa,Décoration Textile,Decoration de noel
Baby foot bistrot,Jardin Loisirs Sport,Babyfoot
Support de dosette 1 tasse cafetière expresso philips 422225944211,Petit Electroménager,Accessoire pem
Miroir 2x180 cm,Décoration Textile,Miroir
Simpur relax matelas 90x190 real confort épaisseur 25 cm mousse à mémorie de forme visco soft double face été hiver,Chambre Literie,Matelas
T te de lit hermione 140cm bois blanc et tissu taupe,Chambre Literie,Tete de lit
Reservoir d eau reference 00672128,Petit Electroménager,Autre prep culinaire
Soon lit pu gris liseré blanc led 140x190 cm + matelas a mémoire de forme 140x190 cm,Chambre Literie,Matelas + sommier
Homemania bibliothèque tablero avec étagères meuble de rangement pour salon bureau noyer blanc en bois 60 x 20 x 156 6 c,Bureau Rangement,Bibliotheque
Eccox oreiller en mousse à mémoire de carbone 1 unité 60 x 40 cm fermeté moyenne housse amovible effet anti stress diverses m,Chambre Literie,Oreiller
Bureau informatique design en mdf 90 l x 50 i x 95h cm noir,Bureau Rangement,Bureau
Homemania bibliothèque irma avec étagères meuble de rangement pour salon bureau blanc en bois 130 x 20 x 130 cm,Bureau Rangement,Bibliotheque
Rallonge rallonge électrique 5m 3x1 5mm2,Jardin Loisirs Sport,Petit outillage
Vidaxl table de bar noir mdf 55 x 55 x 107 cm,Canapé Salon Séjour,Table
Drap housse 140 x 190 gris clair,Décoration Textile,Drap plat
Lave linge frontal 6kg sharp 1200tr min 59 7cm a++ eshfa 6123 w 2,Gros Electroménager,Lave linge
Nuits d or matelas 160x190 latex + aertech hauteur 20 cm soutien ferme orthopédique,Bureau Rangement,Matelas
Eva lot de 6 fauteuils chaises de salle à manger finition tissu velours marron pieds noir et dorés style scandinave,Canapé Salon Séjour,Chaise
Lot de 2 chaises lea gris blanc,Canapé Salon Séjour,Chaise
Patère murale cinco,Bureau Rangement,Patere
Lampe à poser nest en cannage naturel et métal noir,Décoration Textile,Lampe
E com meuble tele luna 140 cm ch ne frégate,Canapé Salon Séjour,Meuble tv
Canapé lit 140 x 200 calima tissu beige,Canapé Salon Séjour,Canape droit
Matelas 120x190 en mousse ortopedique à 7 zones dé confort,Bureau Rangement,Meuble à chaussures
Rideau a oeillets 140 x 240 cm occultant uni mezzo prune,Décoration Textile,Rideau
Ensemble karaoké star4 ampli 2x75w +2 hp + 2 micros,,Amplificateur
Lit enfant anna m 80x160cm +tiroir+matelas+sommier,Enfant Bébé,Lit jeune
Meuble tv banc tv élégant single 100 cm noir mat noir brillant avec led style moderne,Canapé Salon Séjour,Meuble tv
Lot 2 portes coulissantes,Chambre Literie,Porte armoire
Lampadaire en métal tige 150cm argent,Décoration Textile,Lampadaire
Vidaxl fauteuil avec repose pied noir similicuir,Canapé Salon Séjour,Fauteuil relax
Tectake chaise gamer twink noir bleu,Bureau Rangement,Chaise de bureau
Finlandek ensemble sejour elama contemporain blanc et noir l 257 cm,Canapé Salon Séjour,Meuble tv
Livoo dop162n batteur electrique Noir,Petit Electroménager,Batteur
 tagère de rangement hwc c10 bibliothèque bois véritable métal 5 tablettes 174x102cm,Bureau Rangement,Bibliotheque
Chariot de course motif hashtag 2 roues l 35 cm x h 93 5 cm noir,Cuisine Salle de bain,Chariot de courses
Aidan commode contemporaine chambre salon bureau 77x70x40 3 tiroirs meuble de rangement scandinave dressing moderne ,Chambre Literie,Commode
Rideau 280 x 238 cm 14 oeillets aspect lin lourd grande largeur style rustique moderne blanc,Décoration Textile,Rideau
Malette à outils valise de bricolage 114 outils avec une mallette noire matériau acier plastique,Jardin Loisirs Sport,Outil multifonction
Vera table basse en verre,Canapé Salon Séjour,Table basse
Plaid imitation fourrure himalaya 180 x 220 cm rose,Décoration Textile,Plaid
Drap housse 2 personnes 160 x 200 cm jersey uni jersy blanche,Décoration Textile,Drap housse
Icaverne meubles tv selection meuble tv blanc 120 x 30 x 40 cm bois,Canapé Salon Séjour,Meuble tv
Appareil à croque monsieur mesko ms 3032 850w,Petit Electroménager,Grille pain
Coussin pompons 30x50 varvara vert,Décoration Textile,Housse de coussin
Auna tt play se platine vinyle enceintes 20 w max bt pitch control noire,TV Son Multimédia,Platine vinyle
Parure housse de couette 260 x 240 cm borneo,Décoration Textile,Parure de lit
Indesit bwe 91284x wsss it autonome charge avant 9kg 1200tr min a+++ blanc machine à laver,Gros Electroménager,Lave linge
Klarstein metropolitan machine à gla ons 12 kg 24 h écran numérique argent,Petit Electroménager,Autre prep culinaire
Smartphone 6 08 ,TV Son Multimédia,Smartphone
 tagère à double position tania bois blanc l 161 cm,Bureau Rangement,Bibliotheque
Traversin alaska 140 cm made in france,Chambre Literie,Traversin
Lampe suspension chambre d enfant dragon,Enfant Bébé,Suspension
Couette imprimée 140x200 cm exotique bleu,Chambre Literie,Couette
Cupid commode style moderne chambre séjour 6 tiroirs 138x77x40 cm meuble de rangment dressing mobilier contemporain ,Chambre Literie,Commode
Chypre pack matelas + lattes 80x190 + pieds,Chambre Literie,Matelas + sommier
Lot de 2 tabourets de bar bellini blanc,Canapé Salon Séjour,Chaise
Lampe pied bois blanc,Décoration Textile,Lampe
Lit bébé évolutif combiné transformable maxi plus rose,Enfant Bébé,Lit bébé
Meuble tv banc tv style scandinave placard 2 niches 2 tiroirs passe fils panneaux particules blanc bois pin,Canapé Salon Séjour,Meuble tv
Armoire penderie big 135 cm x 190 cm x 55 cm ch ne et noir,Chambre Literie,Armoire lit
Jeu de cartes emotwins,Enfant Bébé,Jeu de société
Lit cabane enfant gris 80 x 160 cm gris,Enfant Bébé,Lit jeune
Klarstein 90l1 wh réfrigérateur 90 litres + compartiment congélateur classe a+,Gros Electroménager,Refrigerateur
Matelas + alèse 120x190 x 21 cm ferme aertech+ 35 kg m3 hr haute densité hypoallergénique 5 zones de confort,Chambre Literie,Matelas
Lot de 4 galettes de chaise ronde en coton coloris lin diamètre 38 cm,Décoration Textile,Galette de chaise
Lit lulea cadre de lit scandinave gris avec pieds en bois 140x190,Chambre Literie,Lit adulte
Table d appoint spiral 525,Canapé Salon Séjour,Table basse
Bibliothèque 9 cases,Bureau Rangement,Bibliotheque
Oregon meuble tv decor chene et blanc l 197cm,Canapé Salon Séjour,Meuble tv
Klarstein valeria hotte lot 90 cm 650 m h tactile cee a led verre inox blanc,Gros Electroménager,Hotte
Egouttoir vaisselle,Décoration Textile,Rangement a poser
Tapis moderne chic marmargento 120x170cm,Décoration Textile,Tapis de Salon et Ch
Meuble tv 200 cm LUVITCA DUALLE noir mat noir brillant avec led,Canapé Salon Séjour,Meuble tv
Brise bise en coton 45x90 cm vichy gris,Décoration Textile,Voilage
Drap housse coton percale 160x200 cm uni ciment bonnet 30 cm entretien facile certifié ko tex ,Décoration Textile,Drap housse
Vasagle table de chevet table d appoint table de nuit de style industriel avec compartiment ouvert grand espace de rangement,Chambre Literie,Chevet
Armoire chambre bébé 2 portes joy naturel,Chambre Literie,Armoire
Matelas vitalspring recover 140x190 ressorts ensachés visco 7 zones maxi épaisseur,Chambre Literie,Matelas
Robinet lavabo cascade standard mitigeur salle de bain avec flexibles,Cuisine Salle de bain,Robinet
Fer à repasser,Petit Electroménager,Fer a repasser
Commode de rangement coloris ch ne shannon h 82 x l 42 x p 42 cm pegane ,Bureau Rangement,Mini commode
Naf naf morning v2,TV Son Multimédia,Radio CD
Roka lot de 6 chaises tissu gris anthracite l 42 x p 54 3 x h 95 2 cm,Canapé Salon Séjour,Chaise
Chaise haute pour bébé chaise pliante pour bébé rouge taille déployée 105 x 89 x 56 cm,Enfant Bébé,Chaise haute bébé
Jute coton tapis tissé en jute et coton noir et naturel 160x230,Décoration Textile,Tapis de Salon et Ch
Jeu de pied x4 plastique 6 cm,Chambre Literie,Jeu de pied
Chevet table de nuit ronde design scandinave tiroir bicolore pieds effilés inclinés bois massif ch ne clair gris,Chambre Literie,Chevet
Plante artificielle à suspendre living 62cm vert,Décoration Textile,Fleurs artificielles
Lampe suspension chambre fille fleur,Enfant Bébé,Suspension
Porte manteau sur pieds au style rustique portant meuble d entrée rcr16bx songmics ,Bureau Rangement,Porte manteau
Giantex armoire de salle de bain meuble wc avec 3 tablettes de rangement en mdf etanche blanche idéal pour salle de bains salo,Cuisine Salle de bain,Rangement sdb
Vidaxl chaise marron similicuir daim,Canapé Salon Séjour,Fauteuil relax
Lit bébé évolutif 140x70 little big bed scandi naturel,Enfant Bébé,Lit bébé
Accessoires et consommables dedies lave linge wpro tvs 229,Gros Electroménager,Accessoire lavage
Matelas Benidorm Palace 180x200 7 zones Ep 32cm Mémoire de forme Latex respirant Ressorts ensachés,Chambre Literie,Matelas
Canapé d angle convertible réversible falko tissu gris,Canapé Salon Séjour,Canapé d'angle
Lot de 2 fauteuils relax patrick textilène pliables multi positions taupe,Canapé Salon Séjour,Fauteuil
Canape sofa divan andreas canapé d angle convertible panoramique 5 places tissu anthracite l 318 x p 150 x h 84 cm,Canapé Salon Séjour,Canape droit
Panier en jacinthe d eau avec armature métal lot de 3,Cuisine Salle de bain,Panier
Lit double futon corse lit adulte avec sommier king size 180 x 200 cm couchage 2 places 2 personnes rev tement en tissu blanc,Chambre Literie,Lit adulte
Tuyau alimentation machine a laver + raccord ff sortie coudée 1 50m,Jardin Loisirs Sport,Accessoire plomber
Plaque induction candy 7000w 59cm ctp 643 sc,Gros Electroménager,Plaque de cuisson
Drap housse turquoise diabolo menthe 180x200cm 100 coton bonnet de 30cm,Décoration Textile,Drap housse
Coussin à recouvrir 60x60 cm garnissage fibres polyester coussin malin,Décoration Textile,Housse de coussin
Parure de lit réversible zinc chantilly 240x220 cm,Décoration Textile,Housse de couette
Chevet pin massif ciré et métal 1 tiroir + 1 niche city,Chambre Literie,Chevet
Iphone 5 32go,TV Son Multimédia,Smartphone
Matelas viscosystem 70x190 cm mousse à mémoire visco progress 7 zones multicouches blue latex antistress indépendance de couch,Chambre Literie,Matelas
Chaises de salle à manger tissu gris pieds effet bois x6 ,Canapé Salon Séjour,Chaise
Meuble wc étagère willy bois gain de place pour toilette 2 portes blanches,Cuisine Salle de bain,Accessoire wc
Atmosphera jardin zen rond d22,Décoration Textile,Objet deco
Kaya canapé 2 places convertible scandinave en tissu bleu,Canapé Salon Séjour,Canape droit
Lèche frite en verre hz636000,Gros Electroménager,Accessoire cuisson
Paravent bois avec fleur de cerisier blanc de 4 pans pegane ,Canapé Salon Séjour,Separation
Bo te à spaghetti relief système doseur capacité 1 kg,Bureau Rangement,Boite de rangement
Fauteuil de bureau gaming confortable en tissu noir,Bureau Rangement,Chaise de bureau
Table multi jeux 4 en 1 babyfoot billard air hockey ping pong avec accessoires mdf bois 87 x 43 x 73 cm,Jardin Loisirs Sport,Table multijeux
Armoire pour four,Cuisine Salle de bain,Colonne cuisine
Shala table de chevet contemporaine chambre 60x57x35 cm 3 tiroirs larges + chants abs chiffonier design moderne sonoma,Chambre Literie,Commode
Dutch decor coussin elly 45x45 gris clair,Décoration Textile,Housse de coussin
Ce859800 multicuiseur intelligent cookeo + connect avec balance et moule de cuisson inclus 6l 200 recettes noir,Petit Electroménager,Autre cuisson
Verre vin 18cl concept 3233 lot de 6 ,Décoration Textile,Set verre
Finlandek armoire de chambre ulos style contemporain blanc l 170 3 cm,Chambre Literie,Structure armoire
Imperio table de chevet chambre salon style classique 58x68x40 cm 2 tiroirs + niche de rangement table d appoint blanc,Chambre Literie,Chevet
Lot de 2 tiroirs,Enfant Bébé,Accessoire ch enfant
Etagère cube en bois h80cm l61 5cm avec tiroir et niches compo,Canapé Salon Séjour,Etagère
Ensemble meuble tv mural galino c 320 cm x 190 cm x 45 cm blanc et noir,Chambre Literie,Accessoire ch adulte
Drap plat uni en polycoton 240 x 290 cm rouge,Décoration Textile,Drap housse
Horloge murale paris aspect pierre grise et bleue 30 ,Décoration Textile,Horloge
Set de 4 paniers carrés lisa jaune,Cuisine Salle de bain,Panier
Chaise scandinavie tissu noir,Canapé Salon Séjour,Fauteuil
Chaise rambo blanche lot de 2 ,Canapé Salon Séjour,Chaise
Armoires meuble placard à bijoux bois noir miroir chambre dressing helloshop26 1408003,Décoration Textile,Objet deco
Actisom matelas 180x200 ressorts ensachés+mémoire de forme maxi épaisseur 7zones de confort,Chambre Literie,Matelas
Ligne double commode 6 tiroirs decor chene et blanc l 155 6 x p 39 1 x h 76 3 cm,Bureau Rangement,Mini commode
Sony strdh190 ampli tuner stereo 2 x 100w bluetooth entree phono,,Amplificateur
Lit coffre + matelas luxury 180cm noir,Chambre Literie,Lit adulte
Console pour ordinateur portable ajustable et pliable bois clair et noir,Bureau Rangement,Bureau
Tapis effet marbré doré dimensions 120 x 180 cm couleur or,Décoration Textile,Tapis de Salon et Ch
Poignee de hublot blanche pour lave linge fagor 8062672,Petit Electroménager,Pièces détachées
Meuble de rangement blanc en panneaux de particules 92 1x29 5x123cm pegane ,Bureau Rangement,Bibliotheque
Table basse zaida en verre noir et pieds argent,Canapé Salon Séjour,Table basse
Lagertha lit coffre lin gris 180x200 cm 2 tiroirs,Chambre Literie,Lit adulte
Bureau enfant 4 tiroirs vernis naturel,Bureau Rangement,Bureau
Sommier tapissier recouvert 13 cm niagara 130x190,Chambre Literie,Sommier
Meuble à chaussures 3 abattants,Bureau Rangement,Meuble à chaussures
Waldbeck ventura chariot remorque de transport à main 300 kg acier noir,Jardin Loisirs Sport,Accessoire jardin
Oral b vitality 100 cross action brosse a dents electrique par braun blanc,Petit Electroménager,Hygiene dentaire
Dodo couette tempérée percale anti acariens palace 240 x 260 cm blanc,Chambre Literie,Accessoire ch adulte
Oneconcept pompadour armoire à bijoux écrin 10 tiroirs 21 5x40 5x29cm rose,Chambre Literie,Porte armoire
Plaque dessus verre rosieres rgv 64 tfmpn gaz 4 foyer s ,Gros Electroménager,Plaque de cuisson
Matelas 140x190 maryland mousse hd roulé,Bureau Rangement,Matelas
Cherry fauteuil de direction professionnel synchrone Similicuir marron ,Bureau Rangement,Chaise de bureau
Rocking chair design blanc chesty,Canapé Salon Séjour,Fauteuil relax
Cabine de douche ronde au style industriel,Cuisine Salle de bain,Cabine de douche
Aqua computer double protect ultra 1l,TV Son Multimédia,Access. PC Tablette
Taie d oreiller en percale de coton 65 x 65 cm noir,Décoration Textile,Taie d'oreiller
Naelia rgl h3002 nae appareil a raclette 8 personnes noir,Petit Electroménager,Appareil à raclette
H koenig dfx500 friteuse électrique 3l,Petit Electroménager,Friteuse
Meuble sous évier 80cm fr ne ,Cuisine Salle de bain,Meuble bas cuisine
Stone table basse ovale scandinave blanc laque mat l 90 x l 60 cm,Canapé Salon Séjour,Table basse
Matelas 160 x 200 cm mister sandman matelas 7 zones de confort hypoallergénique nuit incomparable matelas 2 fermetée épa,Chambre Literie,Matelas
Sevan bureau informatique d angle contemporaine 80x74x80 cm support clavier + niche imprimante design multi rangements b,Bureau Rangement,Bureau
Sèche linge pompe à chaleur avec condenseur 60cm 9kg a+++ blanc wt47xkh9ff,Gros Electroménager,Seche linge
M t de fixation pour voile d ombrage h 220 cm x 32 mm poteau et base acier,Jardin Loisirs Sport,Voile d'ombrage
 maya salon de jardin encastrable 8 places en résine tressée noir avec coussins beiges + housse de protection couleur no,Cuisine Salle de bain,Ens table chaises
Lot de 4 chaises caty noires pour salle à manger,Canapé Salon Séjour,Chaise
Table de chevet avec 2 tiroirs meubles de chambre blanc 42*32*50cm,Chambre Literie,Chevet
Bureau en pin massif avec 3 tiroirs coloris blanc dim l 137 x h 61 x p 76 cm pegane ,Bureau Rangement,Bureau
Paris prix lit évolutif jumper taupe,Enfant Bébé,Lit bébé
Ménagère 30 pièces,Décoration Textile,Menagere couvert
Atmosphera lampadaire en métal gris h 155 cm celia,Décoration Textile,Lampadaire
Plafonnier boyer chrome et verre 3 ampoules,Décoration Textile,Plafonnier
Fauteuil joyce fauteuil pieds bois hévéa massif tissu feutrine coloris lin scandinave l 70 x p 64 cm,Canapé Salon Séjour,Fauteuil
Canapé convertible scandinave tao tissu beige,Canapé Salon Séjour,Canape droit
Suspension métal filaire noir d34 galt atmosphera,Enfant Bébé,Suspension
Paris prix étagère murale design switch 120cm blanc,Canapé Salon Séjour,Etagère
Paire de petits vitrages en pointe avec pompon 60 x 120 cm,Décoration Textile,Voilage
Surjeteuse pfaff hobbylock 2 0,Petit Electroménager,Machine a coudre
Lavante séchante ouverture hublot 9 6 Kg,Gros Electroménager,Lave linge
Serie 3 casseroles 16 18 20 cm + couv Fonte d alu kamberg,Décoration Textile,Casserole
Téléviseur UHD 4K Qled 146 cm,TV Son Multimédia,Tv ecran plat
Ventilateur brumisateur nebula fan niklas 75w orientable 3 vitesses réservoir 3 2l timer 1 heure,Petit Electroménager,Ventilateur
Babette table basse blanche et grise foncee l 90 x p 45 x h 38 7 cm,Canapé Salon Séjour,Table basse
Balzac hotte aspirante 60cm + 2 filtres recyclage d air 640 m h gris,Gros Electroménager,Hotte
Meuble tv avec led gusto 137 cm lancaster style contemporain,Canapé Salon Séjour,Meuble tv
Lot de 2 chaises jade blanc taupe,Canapé Salon Séjour,Chaise
Cadre de lit en métal solide sommier à lattes robuste lit simple acier laqué 90 x 200 cm blanc mat en casa ,Chambre Literie,Lit adulte
Fixation triangulaire pré montée pour parois arrières,Cuisine Salle de bain,Meuble bas cuisine
Matelas évolutif 3 pièces céléno dim 90x140 cm,Chambre Literie,Matelas
Fiskars ciseaux enfants coccinelle 13 cm,Décoration Textile,Ustensiles
Matelas privilege 120x200 cm collection hotellerie deluxe multicouches hr blue latex mousse mémoire de forme adaptative ergonom,Bureau Rangement,Meuble à chaussures
Poubelle de cuisine à pédale lincoln métallisé plastique 40l,Cuisine Salle de bain,Poubelle cuisine
Sommier tapissier bultex vigoroso confort ferme 140x190,Chambre Literie,Sommier
Tapis doux et épais blaze 160x230 cm,Décoration Textile,Tapis de Salon et Ch
Matelas hq et visco sporty 140x190 cm à mémoire graphitex viscoélastique visco fresh 7 zones de soutien confort rafra,Bureau Rangement,Meuble à chaussures
Housse de couette 2 personnes 240 x 220 cm gris souris,Décoration Textile,Parure de lit
 bobochic marius canapé panoramique xxl convertible avec coffre 7 places gauche couleur gris foncé ,Petit Electroménager,Friteuse
Apple iphone 7 plus rose gold 128 go,TV Son Multimédia,Smartphone
Table de salle à manger cuisine salon décor sonoma ch ne,Canapé Salon Séjour,Table
Moonlight sommier 140x190 + 4 pieds,Chambre Literie,Sommier
Lit 160 x 200 cm blanc en bois serris,Chambre Literie,Lit adulte
Commode de salle de bains hwc c66 88x32cm blanc,Cuisine Salle de bain,Rangement sdb
120cm vinyle records tapis de sol rond europe mode rétro noir pour salon chambre tapis de sol,Décoration Textile,Tapis de Salon et Ch
Lit mezzanine pour enfant avec sommier toboggan tunnel rideau modèle bleu 90x200 cm lit06186,Enfant Bébé,Lit jeune
Matelas evasion 160x200cm mémoire de forme confort ferme,Chambre Literie,Matelas
Rénove matelas 140x190 cm,Bureau Rangement,Meuble à chaussures
Klarstein lorea hotte aspirante hotte murale 65w 60cm 270m h touch verre noir,Gros Electroménager,Hotte
Lot de 2 matelas oana dim 80x190 cm,Chambre Literie,Matelas
Ariete mélangeur vintage beige 1 5 l,Petit Electroménager,Blender
Vase en verre boule 30cm transparent,Décoration Textile,Vase
70385 playmobil rosalee,Enfant Bébé,Jeu de construction
Couette dodo maxiconfort ultra 240x260cm,Chambre Literie,Couette
Canapé fixe chesterfield velours aliza 208 x 82 x 70 cm 3 places gris,Canapé Salon Séjour,Canape droit
Meuble à chaussures ch ne 7 tablettes coloris new york 500,Bureau Rangement,Meuble à chaussures
Tableau les règles de la maison city noir atmosphera,Décoration Textile,Objet deco
Apple iphone 12 mini 128gb product red de,TV Son Multimédia,Smartphone
Love lit noir liseré blanc 180x200 cm,Chambre Literie,Lit adulte
Table haute mange debout bar bistrot avec étagère blanc 110 cm helloshop26 0902051,Canapé Salon Séjour,Table
Tv led lcd 55 pouces lg 4k uhd lg8806091025135,TV Son Multimédia,Tv ecran plat
Vasagle table basse avec dessus de table en verre table de salon cadre en acier stable décoration de salon style industriel ,Canapé Salon Séjour,Table basse
Canapé droit 3 places louise en tissu vert olive,Petit Electroménager,Friteuse
Vino console 4 allonges extensibles noir,Canapé Salon Séjour,Console
Como armoire de salle de bains lave linge 183x64x30cm meuble pour machine à laver rangement buanderie ch ne,Cuisine Salle de bain,Colonne sdb
Nappe de table coloris bleu canard en coton l 140 x l 240 cm pegane ,Décoration Textile,Linge de table
Capital sports azura x2 vélo en x pliable avec dossier pulsomètre noir,Jardin Loisirs Sport,Vélo fitness
Braun cafetière filtre programmable 12 tasses kf7020bk,Petit Electroménager,Cafetière filtre
Coffre à jouets fleurs et oiseaux en bois,Enfant Bébé,Rangement enfant
Matelas fixe 90 x 190 bultex neatness 0919,Chambre Literie,Matelas
Paravent 3 volets triangular perspective room dividers ,Décoration Textile,Paravent
Table et 4 chaises bois ensemble dock,Canapé Salon Séjour,Table
Compresseur horizontal scheppach 24l et accessoires 1500w hc25o,Jardin Loisirs Sport,Souffleur aspirateur
Plateau de table bar restaurant carré 700 mm effet bois vieilli bolero bois,Canapé Salon Séjour,Table
Pupitre magique smoby,Enfant Bébé,Jeu éducatif
Tectake armoire à bijoux avec miroir noir,Décoration Textile,Objet deco
Matelas 120x200 à ressorts ensachés mémoire de forme à 9 zones avec rev tement amovible haut 25 cm modèle parigi,Chambre Literie,Matelas
Atmosphera etagère 3 planches h 77 cm modèle gar on,Enfant Bébé,Rangement enfant
Bougie cactus dans pot,Décoration Textile,Bougie
Coque intégrale 360 pour xiaomi pocophone f1 de protection souple silicone transparente visiodirect ,TV Son Multimédia,Acc telephonie
Plaid docteur la peluche,Décoration Textile,Dessus de lit
Maddy banquette clic clac convertible en tissu noir,Canapé Salon Séjour,Banquette
Matelas benjamin a ressorts ensaches + 4 cm memoire de forme 80 kg m3 + alese 140x190 hauteur + 31 cm accueil moelleux so,Bureau Rangement,Meuble à chaussures
Matelas pour lit tiroir bultex nano 80x180,Chambre Literie,Matelas
Matelas premium 140x190 matelas ergonomique 2 fermetés certifié oeko tex standard 100,Chambre Literie,Matelas
Parure de lit Housse+ 2 taies 240X220cm,Décoration Textile,Parure de lit
Bibliothèque 2 cases 2 portes,Bureau Rangement,Bibliotheque
Abeil couette nature addict 220 x 240 cm blanc,Chambre Literie,Couette
Rideau occultant à oeillets 135x240 cm flash blanc par soleil d ocre,Décoration Textile,Rideau
Barre de son philips htl 3325 10,,Barre de son
Salon de jardin bistrot pliable emilia carré vert anis table carrée 70x70cm avec deux chaises pliantes acier thermolaqué c,Cuisine Salle de bain,Ens table chaises
Plaid touffou chaud doux 130x150cm plaid double canapé fauteuil lit deco design,Décoration Textile,Plaid
Matelas bz 15cm 140x200 latex naturel 80 kg m3 + poli lattex indéformable ferme + protège matelas + oreiller à mémoire offerts,Bureau Rangement,Meuble à chaussures
Wonderhome kids lit d enfant complet 70x140 80x160 80x180 sommier tiroir barrierères matelas pour filles gar ons lit simple ro,Enfant Bébé,Lit jeune
Ensemble drap housse 90 x 190 + 1 taie d oreiller 63 x 63 cm 100 coton myrtille,Décoration Textile,Drap housse
Sommier fixe 140x190 ebac decokit 1419 chenec,Chambre Literie,Sommier
Aspirateur de chantier ryobi chv182m 18v one+,Jardin Loisirs Sport,Souffleur aspirateur
Porte manteaux zeno portant à v tements sur pied en forme d arbre avec 6 crochets sur différentes hauteurs en métal laqué blanc,Bureau Rangement,Porte manteau
Lit enfant 160x80cm avec tiroir sommier matelas barre de securite mbx color32,Enfant Bébé,Lit jeune
Tectake chaise gamer mike noir,Bureau Rangement,Chaise de bureau
Lampe suspension chambre d enfant singes,Enfant Bébé,Suspension
Fauteuil de relaxation releveur électrique 1 place en simili detente gris,Canapé Salon Séjour,Fauteuil relax
Senya bouilloire inox 1 2l little tea crème,Petit Electroménager,Bouilloire
Lexus lc500 blanc voiture électrique 12v 1 place 4x4 pour enfants avec autoradio et télécommande,Enfant Bébé,Véhicule élec enfant
Sacoche pour ordinateur portable bandoulière 10 poches de rangement 17 18 ,TV Son Multimédia,Sacoche pc
Vidaxl cadre de lit avec led cappuccino similicuir 140x200 cm,Chambre Literie,Cadre à lattes
Smartphone 6 5 Hexa core,TV Son Multimédia,Smartphone
Lave vaisselle bosch smi 46 as 01 e,Gros Electroménager,Lave vaisselle
Coque silicone gel wiko view 4 motif graffiti 2,TV Son Multimédia,Acc telephonie
Lit superposé mateo 90x190 pin bleu livré avec sommier tiroir et matelas de 7cm offert ,Bureau Rangement,Meuble à chaussures
Cave à vin encastrable multizones 50 bouteilles lbn555,Gros Electroménager,Cave a vin
6x chaise de salle à manger hwc e58 fauteuil similicuir crème pieds clairs,Canapé Salon Séjour,Chaise
Songmics xxl 210 x 72 x 45 cm lit de camp pliable lit pliant de voyage 240 kg gcb21l,Jardin Loisirs Sport,Bain de soleil
Plaid couverture flanelle baroco blanc 125 x 150 cm,Décoration Textile,Plaid
Fauteuil à bascule fauteuil ber ant rocking chair fauteuil relax bouleau flexible beige fst15 w sobuy ,Canapé Salon Séjour,Fauteuil
Bahut 2 tiroirs bois marron 200x45x90cm décoration d autrefois,Canapé Salon Séjour,Buffet
Tapis exclusif pour salon ou chambre douce rosa 80x150 cm Matris,Décoration Textile,Tapis de Salon et Ch
Chaise de bar mi hauteur henrik blanche 65 cm lot de 2 ,Canapé Salon Séjour,Bar
Traversin 70 cm grizz lit plumes 100 plumes de canard,Chambre Literie,Traversin
Hachoir moulinex xf 635 bb 1,Petit Electroménager,Hachoir
Parme commode moderne salon chambre bureau 97x70x40 2 portes + 2 tiroirs buffet contemporain séjour dressing blanc,Canapé Salon Séjour,Buffet
Drap housse 180 x 200 taupe fonce,Décoration Textile,Drap plat
Atmosphera toile décorative à suspendre sur l importation du cacao 110 x 73 cm,Décoration Textile,Toile et laminage
Splendide fauteuils et chaises famille praia chaise de salle à manger bleu tissu,Canapé Salon Séjour,Chaise
Banc banquette design contemporain accoudoirs courbés grand confort 102l x 31l x 51h cm blanc,Canapé Salon Séjour,Tabouret
Vidaxl table de salle à manger 120x70x75 cm bois d acacia massif,Canapé Salon Séjour,Table
Sur matelas 80x200 mousse confort house premium surmatelas soutien et confort épaisseur 5 cm,Chambre Literie,Surmatelas
Horloge 20 cm,Décoration Textile,Horloge
Wave line tapis à vagues rosé 200 x 290 cm,Décoration Textile,Tapis de Salon et Ch
Electrostimulateur de musculation pour les fessiers ezicare vitagalb,Jardin Loisirs Sport,Electrostimulation
Naturalex matelas antistress mémoire de forme et blue latex 140x190 cm 7 zones de confort equilibré,Bureau Rangement,Meuble à chaussures
Vega tapis de salon shaggy 80 x 150 cm gris,Décoration Textile,Tapis de Salon et Ch
Rayonnage 16 cases grosse epaisseur coloris gris,Bureau Rangement,Bibliotheque
Surmatelas 120 x 190 cm mousse confort housse microfibre hypoallergénique et ergonomique épaisseur 5 cm,Chambre Literie,Surmatelas
Figurine de catch wwe john cena homerokk,Enfant Bébé,Loisirs créatifs
Fira 2w commode contemporaine chambre salon bureau 140x40x98 cm 8 tiroirs meuble de rangement scandinave dressing we,Chambre Literie,Commode
Banquette lit clic clac 130 cm matelas mousse HR 35 kg,Canapé Salon Séjour,Structure et mat cc
Habrita banc de jardin emma en sapin,Jardin Loisirs Sport,Banc
Sora tapis berbère à relief 200 x 290 cm gris crème,Décoration Textile,Tapis de Salon et Ch
Tabourets de bar lot de 4 hombuy réglable design moderne gris,Canapé Salon Séjour,Tabouret
Element chauffant 2050w avec ctn sonde pour lave linge whirlpool,Petit Electroménager,Pièces détachées
Ensemble matelas mémoire de forme actimemo touch 140x200 3zones de confort + sommier kit blanc,Chambre Literie,Matelas + sommier
Ineck switch hdmi hdmi splitter selecteur hdmi 3 entrees 1 sortie 1080p 3d adaptateur hdmi commutateur avec telecommande pou,TV Son Multimédia,Acc telephonie
Urbanglide kart pilot pour hoverboard noir compatible toutes marques et tailles de roue longueur ajustable,Jardin Loisirs Sport,Accessoire glisse
Table basse rotative bois et gris 360 lizzi extensible avec coffre,Canapé Salon Séjour,Table basse
Vasque salle de bain ronde à poser 40 cm oma,Cuisine Salle de bain,Vasque
Coffret de tournevis de précision kreator coffret 5pcs,Jardin Loisirs Sport,Petit outillage
Table noire ronde + 4 chaises scandinaves grises ensemble pour salle à manger ou cuisine,Cuisine Salle de bain,Ens table chaises
Buffet bas 4 portes bali,Canapé Salon Séjour,Console
Matelas 120x200 à mémoire de forme 21 cm + soutien ferme + extr mement durable + protège matelas + oreiller à mémoire de forme,Chambre Literie,Matelas
Lot de 2 matelas 70x190 mousse poli lattex indéformable hauteur 29 cm soutien très ferme + 2 protèges matelas offerts blue ,Bureau Rangement,Meuble à chaussures
Matelas ferme pour canapé lit 90x190 x 15 cm 5 zones de confort ame poli lattex haute résilience hypoallergénique,Chambre Literie,Matelas
Lot de 6 gazons synthétique echantillons jardin,Jardin Loisirs Sport,Gazon synthétique
Drap housse 2 personnes 140 x 190 cm microfibre unie oscar bleu nuit,Décoration Textile,Drap housse
Etagère panier 3 niveaux à suspendre h 56 5 cm turquoise,Cuisine Salle de bain,Accessoire sdb
Nordi meuble tv style scandinave salon séjour 140x39x52 cm meuble de télévision avec rangements finition mat gris noir,Canapé Salon Séjour,Meuble tv
Meuble tv 72 pouces 180 cm blanc cassé ch ne,Canapé Salon Séjour,Meuble tv
Chic meubles reference skopje meuble tv avec lumière led blanc brillant 130 x 35 x 45 cm,Canapé Salon Séjour,Meuble tv
Meuble tv extensible blanc mat et bordeaux laqué 108 200 + led bleu,Canapé Salon Séjour,Meuble tv
Vidaxl bibliothèque meuble tv blanc brillant 143 x 30 x 36 cm,Canapé Salon Séjour,Meuble tv
Table rectangulaire extensible 180 cm,Canapé Salon Séjour,Table
Manhattan canapé en velours taupe,Canapé Salon Séjour,Fauteuil
4 pieds carrés blanc 15 cm,Chambre Literie,Jeu de pied
Coffret rangement vinyles bo tier 30 disques poignée rabattable marron clair,TV Son Multimédia,Platine vinyle
Embrasse à corde avec bois imprimé boussole 41 x 6 cm,Décoration Textile,Tringlerie
Tableau purple rim 200x100,Décoration Textile,Image/affiche/poster
Altozone lot de 2 sommiers 16 lattes 80x200cm,Chambre Literie,Sommier
Chevet colorado 1 niche et 1 tiroir,Chambre Literie,Tete de lit
Meuble haut de cuisine alu 60 cm h 124 cm,Cuisine Salle de bain,Meuble haut cuisine
Lot de 2 paniers de rangement ourson 30cm blanc,Enfant Bébé,Rangement enfant
Fauteuil convertible en tissu bleu tonka ,Canapé Salon Séjour,Canape droit
Ineck samsung galaxy j5 2017 verre trempe protection ecran samsung galaxy j5 2017 ultra resistant sensibilite tactile dur,TV Son Multimédia,Acc telephonie
Pouf en cuir arrah marron,Canapé Salon Séjour,Pouf / repose pied
Russell hobbs 24031 56 cafetiere filtre programmable colours plus 24h digital maintien au chaud rouge,Petit Electroménager,Cafetière filtre
Tosel cashemire trépied lampadaire acier et bois bois naturel 1xe27 abat jour cylindrique tissu vert petrol 45 x 163 cm v,Décoration Textile,Lampadaire
Lot de 4 galettes de chaises avec attaches 40 x 40 cm noir,Décoration Textile,Galette de chaise
Plafonnier almana 1 ampoule chrome,Décoration Textile,Plafonnier
Tino lit bébé à barreaux avec motifs étoiles 120x60,Enfant Bébé,Lit bébé
Table 4 places Rectangle Noyer Marron Noir bois métal Salle à manger Cuisine Salon Séjour Bureau de travail,Canapé Salon Séjour,Table
Buffet remy commode meuble de rangement avec 2 tiroirs et 2 portes en mélaminé décor ch ne sonoma,Canapé Salon Séjour,Buffet
Nappe tosca cement 150 x 250 cm les ateliers du linge,Décoration Textile,Linge de table
Vitrine suspendue switch ww 4 l 30 x p 30 x h 60 cm marron,Canapé Salon Séjour,Vitrine
Jeu de quilles nordique,Jardin Loisirs Sport,Jeux d'exterieur
Damia ensemble repas 6 personnes style contemporain blanc et noir l180cm,Canapé Salon Séjour,Table
Klarstein zola 60 hotte aspirante t te libre 60cm 3 vitesses extraction d air 610 m h classe b noir,Gros Electroménager,Hotte
Bibliothèque meuble de rangement étagère placard style industriel marron et noir helloshop26 12_0000580,Bureau Rangement,Bibliotheque
H koenig kb20 machine a glacons jusqu a 12kg,Petit Electroménager,Autre prep culinaire
Coffret machine à p tes + 6 accessoires multipast,Décoration Textile,Ustensiles
Matelas 120x200 à mémoire de forme 11 zones différenciées orthopédie haute densité Réversible,Chambre Literie,Matelas
Samsung galaxy j7 2017 16 go dual sim or,TV Son Multimédia,Smartphone
Serre de jardin tunnel 6m2 en acier galvanise,Jardin Loisirs Sport,Serre de jardin
Rideau occultant 140 x 240 cm a oeillets mat lourd solide uni noir,Décoration Textile,Rideau
Bureau blanc bois étagères rangement,Bureau Rangement,Bureau
Banc coffre de rangement en tissu velours vert carol,Canapé Salon Séjour,Pouf / repose pied
Pompe multicellulaire 1450 watts,Jardin Loisirs Sport,Pompe d'arrosage
Giantex bureau d angle informatique en forme de l scandinave moderne avec 3 tiroirs et 2 etagères poste de travail,Bureau Rangement,Bureau
Tableau space tunnel 1 part narrow 150x50,Décoration Textile,Image/affiche/poster
Corail armoire de salle de bain l 60 cm gris laqué,Cuisine Salle de bain,Colonne sdb
Nappe rectangulaire attrape r ves 150 x 240 cm,Décoration Textile,Linge de table
Meuble 6 panières 1 niche pour enfant bleu gris,Enfant Bébé,Rangement enfant
Lot de 2 tiroirs de lit,Chambre Literie,Tiroir de lit
Drap housse 160x200cm,Décoration Textile,Drap housse
Table haute mange debout rond 60 cm SETI noir ,Canapé Salon Séjour,Table
Clavier Azerty Bluetooth pour tablettes KW427 Connectland,TV Son Multimédia,Clavier souris
Klarstein bella elegance robot de cuisine multifonction bol 5l 6 vitesses fonction pulse 1300w inox rouge,Petit Electroménager,Robot de cuisine
Ensemble table à manger de 2 à 4 personnes blanc+4 chaises scandinaves blanches 54*54*82cm,Canapé Salon Séjour,Table
Hotte classique 59 8 cm,Gros Electroménager,Hotte
Table de cuisson vitrocéramique 59cm 4 feux 6000w noir gth64s,Gros Electroménager,Plaque de cuisson
Alimentation pour ordinateur portable toshiba satellite c855 177 adaptateur chargeur 2 5mm 5 5mm 75w 19v 3 95a,TV Son Multimédia,Chargeur
Salle de bain complete totem salle de bain 120cm gris 4 tiroirs fermetures ralenties double vasque en céramique + miroir,Cuisine Salle de bain,Ensemble sdb
Educa borras puzzle animaux disney dumbo + bambi + roi leon + livre de la jungle,Enfant Bébé,Puzzle
Lit enfant 140x70cm avec tiroir sommier matelas barre de securite mbx blanc13,Enfant Bébé,Lit jeune
Lagertha lit coffre 90x190 cm lin gris souris 1 tiroir,Enfant Bébé,Lit jeune
Housse de couette 220x240 leopalmy + 2 taies microfibre,Décoration Textile,Housse de couette
Imac 20 core 2 duo 2 66 ghz 320 go hd 4 go de ram,TV Son Multimédia,Pc portable
Homemania asrin bibliothèque avec des étagères des portes pour le mur le bureau le salonblanc anthracite en bois 130 x 22 x,Bureau Rangement,Bibliotheque
Plante artificielle dans pot en céramique,Décoration Textile,Fleurs artificielles
Coffret alakazam v,Enfant Bébé,Figurine et robot
Paris prix vitrine led design neo 190cm noir brillant,Canapé Salon Séjour,Buffet
Animaux parure de lit double husky chien loup housse de couette,Décoration Textile,Housse de couette
Vidaxl buffet gris 120x30 5x70 cm aggloméré,Canapé Salon Séjour,Buffet
Lot de 2 rideaux occultant thermique marine 140 x 260 cm,Cuisine Salle de bain,Rideau de douche
Papillote stylé cuit camembert en silicone noir,Décoration Textile,Ustensiles
Alpexe 5 5mm 720 p endoscope caméra hd usb endoscope avec 6 led 1 1 5 2 3 5 5 m c ble souple étanche pour android pc,TV Son Multimédia,Connectique
Bibliothèque toronto ch ne naturel 98 2 x 180 6,Bureau Rangement,Bibliotheque
