Libellé produit,Nature,ensemble_pred,ensemble_conf,ensemble_pred,ensemble_conf
Porteur enfants voiture 12 36 mois coffre klaxon blanc,Porteur et bascule,Lit jeune,0.1668311525708546,Lit jeune,0.1668311525708546
Fauteuil relax ignifuger inclinable marron pu bois,Fauteuil,Fauteuil relax,0.2882998079157467,Fauteuil relax,0.2882998079157467
Matelas ferme mi ferme 2en1 90x200,Meuble à chaussures,Matelas,0.7210247282831657,Matelas,0.7210247282831657
Relax fauteuil de relaxation manuel simili noir classique l 76 x p 88 cm,Pouf / repose pied,Fauteuil,0.3769843300301978,Fauteuil,0.3769843300301978
Canapé d angle réversible en tissu gabby 3 places rouge,Friteuse,Canapé d'angle,0.6480756727238334,Canapé d'angle,0.6480756727238334
Porte torchon extensible spécial placard,Portant,Porte manteau,0.2637037587187913,Porte manteau,0.2637037587187913
Rasoir homme alimentation secteur,Rasoir homme,Buffet de cuisine,0.1066884772599735,Buffet de cuisine,0.1066884772599735
Lit une place et demie avec conteneur mozart beige tissu effet vintage,Matelas + sommier,Pouf / repose pied,0.060776366439697,Pouf / repose pied,0.060776366439697
Boite a souvenirs mini armoire de rangement première fois rose il était une fois,Accessoire bureau,Boite de rangement,0.1499768171456096,Boite de rangement,0.1499768171456096
Lit mezzanine alora 90 x 190 cm blanc,Lit adulte,Lit jeune,0.5291157422665165,Lit jeune,0.5291157422665165
Boite a chaussures homme en plastique lot de 5,Boite de rangement,Meuble à chaussures,0.4498737874467329,Meuble à chaussures,0.4498737874467329
Couette dodo scandinave 220 x 240 cm pour lit 2 places 140 x 190 cm à 160 x 200 cm,Couette,Lit adulte,0.2142411422406959,Lit adulte,0.2142411422406959
Sablier,Decoration de noel,Ustensiles,0.040835433527417,Ustensiles,0.040835433527417
Lot de 2 fauteuils velours king noir,Fauteuil,Chaise,0.4230473882533824,Chaise,0.4230473882533824
Chilienne biarritz tulipe,Bain de soleil,Chaise,0.0892717186304109,Chaise,0.0892717186304109
Ecouteurs bluetooth avec micro,Ecouteurs,Enceinte connectée,0.2006734361078402,Enceinte connectée,0.2006734361078402
Tapis uni anti dérapant protect 50x120cm rouge,Tapis de cuisine,Tapis de Salon et Ch,0.3269779530656543,Tapis de Salon et Ch,0.3269779530656543
Taille crayon en forme de poubelle taille crayons avec recipient couleur rouge,Jeu éducatif,Accessoire bureau,0.1620739632570466,Accessoire bureau,0.1620739632570466
Table d appoint vinyle rouge,Table basse,Table,0.335084266209897,Table,0.335084266209897
Coussin de sol rond en jute ritual,Pouf / repose pied,Bain de soleil,0.1096156897393726,Bain de soleil,0.1096156897393726
Méridienne capitonné en velours bleu shima angle droit,Méridienne,Canapé d'angle,0.215282667927527,Canapé d'angle,0.215282667927527
Chariot en acier magnélis,Accessoire Barbecue,Ustensiles,0.0945097449236547,Ustensiles,0.0945097449236547
Arbre à bijoux tesora base résine effet terrazzo et tiges chrome,Portant,Objet deco,0.2223566499560271,Objet deco,0.2223566499560271
Mila banquette clic clac 3 places motif new york jaune slyle contemporain l 190 x p92 cm,Structure et mat cc,Banquette,0.1209835259356412,Banquette,0.1209835259356412
Tectake etagère pour plantes angle 3 niveaux,Objet deco,Etagère,0.2347957485002834,Etagère,0.2347957485002834
Corbeille à papier skinny,Poubelle cuisine,Papier peint,0.3002123736978608,Papier peint,0.3002123736978608
Canapé yoko pvc rouge cadre bois,Friteuse,Canape droit,0.1262288218077903,Canape droit,0.1262288218077903
Réveil station météo thermomètre lcd rétro éclairage couleur projecteur led noir yonis,Reveil,Lampadaire,0.1209609628517846,Lampadaire,0.1209609628517846
Meuble rangement chaussures avec miroir adam fabrication fran aise,Porte chaussures,Meuble à chaussures,0.6413112282943607,Meuble à chaussures,0.6413112282943607
Icaverne bancs coffres categorie banc banquette coffre de rangement noir taille large,Banc,Coffre,0.196563026914733,Coffre,0.196563026914733
Meuble bas four blanc collection mammy,Element bas SDB,Chiffonnier,0.1238925626123115,Chiffonnier,0.1238925626123115
Fortnite emotes housse de couette 100 coton 1 personne 140x200 cm + 1 taie bleu,Parure de lit,Housse de couette,0.4370623976716183,Housse de couette,0.4370623976716183
Buffet led bogota 155 x 40 x 92 cm blanc laqué,Console,Buffet,0.3968168082941126,Buffet,0.3968168082941126
Grande armoire de rangement grise dressing double penderie xxl tissu,Accessoire dressing,Structure armoire,0.1685588146460819,Structure armoire,0.1685588146460819
Commode en mdf coloris naturel et blanc motif étoiles dim l 85 x l 40 x h 80 cm pegane ,Commode,Lit adulte,0.1254264929159125,Lit adulte,0.1254264929159125
Giantex tracteur avec remorque electrique pour enfants 12 v avec télécommande 2 4g avec led musique audio usb et bluetooth rou,Jeu éducatif,Véhicule élec enfant,0.1572099702101235,Véhicule élec enfant,0.1572099702101235
Sur matelas 180x200 en mousse à mémoire de forme de 10 cm avec rev tement amovible en aloe vera,Meuble à chaussures,Surmatelas,0.4838177938763089,Surmatelas,0.4838177938763089
Scie trépan sds 100x160mm,Scie électrique,Petit outillage,0.0683755364240071,Petit outillage,0.0683755364240071
Repose pied ergonomique angles ajustables plastique noir,Accessoire bureau,Chaise de bureau,0.2326542526460417,Chaise de bureau,0.2326542526460417
Panier,Boite de rangement,Panier,0.094069172024664,Panier,0.094069172024664
Ensemble matelas bultex nano neatness 23 cm sommier confort ferme 140x190,Meuble à chaussures,Matelas + sommier,0.476731151550801,Matelas + sommier,0.476731151550801
Colonne pour salle de bain en bois blanc gris 30 x 29 5 x 90 cm,Rangement sdb,Colonne sdb,0.4097874647208682,Colonne sdb,0.4097874647208682
Video projection optoma eh461,Videoprojecteur,Ecran de projection,0.1833433427458922,Ecran de projection,0.1833433427458922
Coffre de jardin en résine diva anthracite,Armoire de jardin,Salon de jardin,0.1689589155240234,Salon de jardin,0.1689589155240234
Matelas mousse 120x200 ,Meuble à chaussures,Matelas,0.738126259986263,Matelas,0.738126259986263
Babymoov babybols kit m 6 x 180 ml pots de conservation hermétiques,Boites conservation,Matelas,0.1378505401916081,Matelas,0.1378505401916081
Miroir lumineux led grossissant de salle de bain 36 w interrupteur tactile 60l x 80h cm,Miroir,Miroir salle de bain,0.6333850173454201,Miroir salle de bain,0.6333850173454201
2 pare soleil enrouleur,Accessoire de voyage,Bain de soleil,0.3203587772471382,Bain de soleil,0.3203587772471382
Stanley rabot bailey varlope 455 x 60 mm 1 12 006,Petit outillage,Parure de lit,0.0484289090104685,Parure de lit,0.0484289090104685
 tagère de niche à roulettes en bois tour de rangement meuble de rangement cuisine salle de bain chariot placard alc ve chariot ,Chariot de courses,Rangement sdb,0.1840803346859624,Rangement sdb,0.1840803346859624
Set de table ovale 30x45cm rouge,Decoration de table,Table,0.3807428378540805,Table,0.3807428378540805
Canapé convertible en tissu vert senja,Deplimousse,Canape droit,0.4915159960959955,Canape droit,0.4915159960959955
Pied de lampadaire liseuse mix and match argenté en métal,Lampadaire liseuse,Lampadaire,0.3461840085084066,Lampadaire,0.3461840085084066
Bouchon champagne saver vacuvin,Carafe,Set verre,0.0663833853331394,Set verre,0.0663833853331394
Four électrique à convection 2000w capacité 46 l et température max 360 Couleur noir,Four,Mini four,0.1843573548344271,Mini four,0.1843573548344271
Canapé 2 places design relax oslo en cuir gris et blanc ,Friteuse,Canape droit,0.8112283834095315,Canape droit,0.8112283834095315
Housse bz matelassée blanche 140 cm,Canape droit,Housse de coussin,0.0894888702743697,Housse de coussin,0.0894888702743697
Songmics armoire etagère de rangement à chaussures en plastique blanche semi transparente 4 x 4 cubes 113 x 36 x 113 cm l x l x,Etagère,Meuble à chaussures,0.3203132374828409,Meuble à chaussures,0.3203132374828409
Applique murale led liseuse snaky argentée en métal,Spoterie,Applique,0.3616915983669234,Applique,0.3616915983669234
Fauteuil design noir pivotant elina,Tabouret,Fauteuil,0.3171676585215975,Fauteuil,0.3171676585215975
Abril buffet 2 portes 2 tiroirs aspect bois,Petit meuble séjour,Buffet,0.4924319034509832,Buffet,0.4924319034509832
Disney gigoteuse naissance 0 6 mois winnie hello funshine 65 cm pression velours 100 polyester,Gigoteuse,Matelas,0.1365209307062713,Matelas,0.1365209307062713
Porte chaussures fixe 18 paires,Porte chaussures,Meuble à chaussures,0.5737979137689544,Meuble à chaussures,0.5737979137689544
 anaelle canapé droit 2 places convertible déplimousse en tissu couleur gris foncé ,Friteuse,Canape droit,0.5013480084150901,Canape droit,0.5013480084150901
Drap housse uni 90x190 cm zzz jaune,Drap plat,Drap housse,0.4136821885635836,Drap housse,0.4136821885635836
Oiseau à détecteur de mouvement polyrésine h 10 cm,Accessoire jardin,Objet deco,0.0627778601220364,Objet deco,0.0627778601220364
Twist tresse tour de lit bébé protection multifonctions 200 cm jaune,Tour de lit,Lit bébé,0.1724562307194444,Lit bébé,0.1724562307194444
Support étagère murale métal noir cali carré 19,Objet deco,Etagère,0.5944901908007528,Etagère,0.5944901908007528
E com table de salon hades 90 x 60 cm noir mat,Table basse,Table,0.6396530622466153,Table,0.6396530622466153
Séchoir aluccom gimi 20 m d étendage 172 x 56 x 93 cm,Etendoir a linge,Matelas,0.1658427434313551,Matelas,0.1658427434313551
Vidaxl cadre de lit à baldaquin gris métal 200 x 200 cm,Lit adulte,Cadre à lattes,0.6377325517712654,Cadre à lattes,0.6377325517712654
At4 chaise haute évolutive sakura,Chaise haute bébé,Chaise,0.114464962038454,Chaise,0.114464962038454
Porte verres pour étagère noir,Boite de rangement,Etagère,0.0759280233224602,Etagère,0.0759280233224602
Logitech casque gaming filaire g432 avec son surround 7 1,Casque sans fil,Clavier souris,0.14804225510654,Clavier souris,0.14804225510654
Coussin à pompons en coton à feuille tropicale 40 x 40 cm,Coussin,Housse de coussin,0.2106972576295096,Housse de coussin,0.2106972576295096
Parasol chauffant oslo chauffage d extérieur gaz acier inox + housse et table,Parasol chauffant,Parasol,0.1629053422496514,Parasol,0.1629053422496514
Vidaxl cadre de lit gris métal 120 x 200 cm,Lit adulte,Cadre à lattes,0.6564178153403667,Cadre à lattes,0.6564178153403667
Continental edison plancha xxl cegpl87,Autre cuisson,Plaque de cuisson,0.0589029780299579,Plaque de cuisson,0.0589029780299579
Jouet à tirer 20cm pierre lapin original,Jouet 1er âge,Jeu de pied,0.0735734972763847,Jeu de pied,0.0735734972763847
Ensemble Otello votre marque de matelas pour dormir comme à l h tel 160x200cm,Matelas,Matelas + sommier,0.3688113074170017,Matelas + sommier,0.3688113074170017
Table à langer avec baignoire et rangements vert,Table a langer,Table,0.1115456286808258,Table,0.1115456286808258
Pose ensemble salle de bain Ensemble de salle de bain complet,Pose Ensemble Salle de bain,Ensemble sdb,0.1872295350985116,Ensemble sdb,0.1872295350985116
Marjolein bastin coquillages housse de couette 100 coton 1 personne 140x200 220 cm + 1 taie blanc,Housse de couette,Parure de lit,0.3646786649385903,Parure de lit,0.3646786649385903
Matelas + sommier 140x190 cm,Meuble à chaussures,Matelas + sommier,0.3087149529214271,Matelas + sommier,0.3087149529214271
Pèse bébé topcom wg2490 digital baby scale,Balance de cuisine,Matelas,0.115112240470273,Matelas,0.115112240470273
Table console plazig bois de ch ne,Bureau,Console,0.3593129989239197,Console,0.3593129989239197
Portant penderie à v tement porte manteau étagère pour chaussures hsr05w songmics,Portant,Meuble à chaussures,0.3462596785943076,Meuble à chaussures,0.3462596785943076
Trepied universel gorillapod intermediaire flexible camera appareil photo reflex yonis,access photo video,Objet deco,0.0819073616585239,Objet deco,0.0819073616585239
Jeu de 6 rideaux pour la tonnelle santorini 3 x 4 m ardoise,Pied de parasol,Tonnelle,0.1247533136998447,Tonnelle,0.1247533136998447
Drap housse 200x200 cm en coton uni 57 fils cm2 par soleil d ocre ecru,Drap plat,Drap housse,0.4265494054821009,Drap housse,0.4265494054821009
Meuble de rangement placard buffet industriel marron helloshop26 12_0000669,Commode,Buffet,0.2210269616744654,Buffet,0.2210269616744654
Monaco 12 salon de jardin encastrable 12 places en résine tressée noir gris,Ens table chaises,Salon de jardin,0.5693368004344582,Salon de jardin,0.5693368004344582
Meuble lave linge étagère de salle de bain 190x60cm béton gris,Rangement sdb,Element bas SDB,0.3258814292672236,Element bas SDB,0.3258814292672236
Bullyland 12065 set de 2 figurines le monde de dory nemo,Poupée et poupon,Figurine et robot,0.0747899540851695,Figurine et robot,0.0747899540851695
Serpillère moppy,Accessoire aspi,Pouf / repose pied,0.1157103713595316,Pouf / repose pied,0.1157103713595316
Home trainer rouleaux dim 145l x 56l x 10 5h cm taille réglable pédale antidérapante aluminium noir bleu,Vélo fitness,Store,0.0770771620473964,Store,0.0770771620473964
Meuble colonne meuble de rangement armoire de rangement armoire de salle de bain vintage lsc37bx vasagle,Petit meuble séjour,Colonne sdb,0.2598524686454427,Colonne sdb,0.2598524686454427
Antec big boy 200 led bleu,Access. PC Tablette,Lit jeune,0.1342860707413653,Lit jeune,0.1342860707413653
Déguisement dinosaure gonflable enfant,Jeu éducatif,Poupée et poupon,0.0759640181469673,Poupée et poupon,0.0759640181469673
Armoire enfant rosa 3 portes l90cm x h200cm blanc rose,Dressing complet,Lit jeune,0.148397896839744,Lit jeune,0.148397896839744
