Libellé produit,Nature,camembert_logreg_pred,camembert_logreg_conf,ensemble_pred,ensemble_conf
At4 portant à v tements essentiel h tre brut,Accessoire ch enfant,Portant,0.1818705808448086,Portant,0.0891244260325888
Chaise de bar viktor en velours bleu 60 81 cm lot de 2 ,Bar,Chaise,0.4219656389587605,Chaise,0.3240217012876685
Lampe de chevet trépied attrape r ves rose atmosphera,Lampe,Chevet,0.1871230834582972,Lampe,0.5755273785593794
Banc banquette style baroque accoudoirs courbés pieds effilés dim 110l x 43l x 58h cm polyester velours bordeaux,Tabouret,Fauteuil,0.0631261744894182,Tabouret,0.208947688452049
Barre de fixation extensible 70 100cm noir mat pour douche a l italienne fixation murale,Paroi de douche,Accessoire sdb,0.0906449255066379,Paroi de douche,0.3546936279011308
Meuble bas caisson métal casier 1 porte blanc,Buffet,Meuble bas cuisine,0.2026659484373238,Meuble bas cuisine,0.137183512179985
Paris prix portant à v tements enfant sully 115cm blanc,Armoire,Portant,0.0490923913517771,Tete de lit,0.1002125297766143
Sommier 90x200 theta 25 lattes,Cadre à lattes,Sommier,0.71555133828881,Cadre à lattes,0.493637243342985
Commode clino 70 cm blanc 4 tiroirs style scandinave,Petit meuble séjour,Commode,0.5256859519784516,Commode,0.4623471241269258
Porte documents avec fermeture éclair sacoche couleur noir,Objet deco,Porte manteau,0.1045102788449017,Porte manteau,0.1045771031111312
Tapis de bain modele plumes,Tapis salle de bain,Tapis de Salon et Ch,0.2665733069112637,Tapis salle de bain,0.3429266074385713
Domo rase peluches do3011 tete 4 5 cm,Element bas SDB,Housse de coussin,0.0467212188242153,Poele,0.0739898113773821
Canapé scandinave 3 places fidelio tissu gris,Friteuse,Canape droit,0.9061759449736598,Canape droit,0.8359696784522426
Tapis d entrée welcome ,Tapis de cuisine,Vestiaire,0.0321810235194183,Porte manteau,0.0310444136225601
Joli consoles ligne port au prince table de console et coiffeuse avec 2 tiroirs blanc,Canape droit,Console,0.2032694013324781,Console,0.4699453428238265
Banc banquette coffre de rangement m92 rotin kubu gris,Tabouret,Pouf / repose pied,0.099370538079684,Coffre,0.1458787612231246
2 pare soleil enrouleur,Accessoire de voyage,Bain de soleil,0.1138173512781855,Bain de soleil,0.3203587772471382
Portant v tement porte manteaux vestiaire d entrée style contemporain multi rangements 67l x 30l x 185h cm blanc,Portant,Porte manteau,0.4546911009880899,Porte manteau,0.2717953909543821
 en casa 1x coussin de dossier pour canapé d euro palette gris foncé coussin de palettes in outdoor rembourrage meuble,Coussin,Fauteuil,0.0820888600753528,Coussin,0.1463592588586582
Drap housse matelas drap housse imprimé 70 x 140 cm blanc imp étoiles,Drap housse,Drap plat,0.3511574411815429,Drap housse,0.2970349503865948
Paris prix vase rond design t ches 39cm noir or,Vase,Boite de rangement,0.0706476096801393,Vase,0.112111722609822
16 pots à épices + support rotatif,Boites conservation,Ustensiles,0.1869659075966003,Ustensiles,0.1154414093508114
Balance de précision adler ad 3168 100g 0 01g ecran lcd,Balance de cuisine,Acc telephonie,0.0241944406987935,Ecran PC,0.1501894238485531
Gskill trident z rgb 64 go 2 x 32 go ddr4 4000 mhz cl18,Barrette mémoire,Pc portable,0.1015490943314822,Barrette mémoire,0.2591788898178416
Plateau en manguier sur pied pliable,Table basse,Bureau,0.1920472655295301,Plateau,0.1893644906873687
Chauffe tasses usb chauffe mug et tasse couleur argenté,Objet deco,Vaisselle,0.3699569422586974,Vaisselle,0.3084769091669848
Tapis design et moderne 60x110 cm rectangulaire af vinfor gris entrée adapté au chauffage par le sol,Carpette,Tapis de Salon et Ch,0.6031758481151874,Tapis de Salon et Ch,0.5711716250787411
Distributeur de cotons tiges bambou beauty 9cm transparent,Accessoire sdb,Drap housse,0.047173060781671,Tapis de Salon et Ch,0.0879023303893644
T te de lit en rotin naturel sola sommier 140 cm,Accessoire ch adulte,Tete de lit,0.565033264354244,Tete de lit,0.6179007304806498
Boite en métal,Boites conservation,Boite de rangement,0.3018448888103103,Boite de rangement,0.1395129906308866
Pot de fleur gris tie and die,Vase,Fleurs artificielles,0.0616337948527432,Housse de couette,0.0441093621637541
Lot de 2 rideaux occultant anis 140 x 260 cm,Rideau de douche,Rideau,0.6029979034762674,Rideau,0.5112252493817956
Porte serviettes extensible,Image encadree,Porte serviette,0.2498838133112618,Porte serviette,0.4160358235655929
Taie d oreiller bleu outremer 63 x 63 cm,Housse de coussin,Taie d'oreiller,0.6382868251611616,Taie d'oreiller,0.4815584326337412
Ecran de projection sur cadre 2 20 x 1 24m format 16 9,Ecran de projection,Cadre photo,0.1187142293312079,Ecran de projection,0.4750002028592434
Guirlande de feuille de vigne 1 4 m,Decoration de table,Decoration de noel,0.2051824307592285,Decoration de noel,0.064487305272063
Table de pique nique 180 cm avec bancs rabattables en bois 6 places panchina table de jardin robuste en pin sylvestre fsc,Ens table chaises,Table,0.3699013854707097,Ens table chaises,0.6572744431282532
Fontaine nature rocher de maison kentami,Fontaine,Objet deco,0.2500169456885777,Fontaine,0.1728065639030265
Support de bureau ultra réglable pour 1 écran pc 13 32 ,Support mural tv,Bureau,0.1490081998206446,Bureau,0.1942800206467917
Bureau ordinateur portable modulable 360 de 48 cm x 26 cm pour lit avec support souris noir hobby tech,Accessoire bureau,Bureau,0.790023076507446,Bureau,0.687902069028911
Netgear repeteur universel wifi ac2200 noir,Reseau sans fil,Access. PC Tablette,0.0548261224745205,Reseau sans fil,0.1459991602318073
Malone uhf 450 duo set micros sans fil 2 canaux + micro à main dynamique headset noir,Sono lumière,Enceinte connectée,0.0530988266831006,Sono lumière,0.0701448521037149
Kidkraft ensemble de table et 2 chaises avec motif de c ur,Mini mobilier enfant,Chevet,0.0632427139161079,Mini mobilier enfant,0.2172418659944861
Oneconcept buffett compteuse de billets contr le uv et reconnaissance magnétique 1000 billets minute,Petit outillage,Autre prep culinaire,0.0174288531285814,Petit outillage,0.0839102335191522
Ensemble style avec table haute de bar mange debout comptoir et 2 chaises tabourets en mdf ch ne sauvage et structure en métal ,Bar,Table,0.1701643424022142,Bar,0.4218428595533288
Panier à linge en osier couleur jaune miel tissu couvercle,Accessoire sdb,Panier à linge,0.2403395201757906,Panier à linge,0.2213108946302276
Porte manteaux mural ulf penderie murale avec 1 étagère de rangement 1 tringle 4 patères crochets métal chromé décor ch ne sono,Patere,Porte manteau,0.2616604631017003,Porte manteau,0.4042168526494178
Tapis rond en jute 90 cm,Tapis enfant,Tapis de Salon et Ch,0.2371845231529643,Tapis de Salon et Ch,0.3814723881567473
Lexon design boite à cottons en bambou zen,Accessoire sdb,Objet deco,0.0676351739900511,Panier à linge,0.1104591054618083
Commode 5 tiroirs charme 81cm taupe,Mini commode,Commode,0.2880010587202032,Commode,0.3062664782696706
Suspension métal et bois sam noir d30,Lustre,Suspension,0.476502351588984,Suspension,0.4375775373448252
Table coffre en bois sur trépieds l 45 x l 45 x h 54 5 cm blanc,Bureau,Table,0.1898488467235435,Table basse,0.2425045966982861
 barcelone canapé d angle convertible avec t tières en simili et tissu gauche couleur blanc gris ,Friteuse,Canapé d'angle,0.4571346013712017,Canapé d'angle,0.6146942530280262
Table basse relevable colombia verre noir,Table,Table basse,0.9730524150834624,Table basse,0.7787606174791797
Essenza connect organic uni linge de bain 100 coton bio serviette d 39 invit eacute 30x50 cm par lot de 6 blanc,Tapis salle de bain,Drap housse,0.1393272935467131,Tapis salle de bain,0.2222014754264003
Klarstein dr Watson supersoft couverture chauffante 180x130cm 120w micro peluche lavable crème gris,Autre soin personne,Plaid,0.0551822939875041,Lit adulte,0.2149776776109758
Ultra meuble bas sous évier l 80 cm gris,Buffet,Meuble bas cuisine,0.476742635439275,Meuble bas cuisine,0.3666684820724507
Severin km 3921 couteau spirale électrique pour légumes mr twister 80w,Blender,Robot de cuisine,0.0708412445071591,Ustensiles,0.1949217360236278
Ampli tuner rds 200w bluetooth sx10aeb,Amplificateur,Enceinte connectée,0.0687348393148055,Amplificateur,0.157818557501146
Gumhook patere design souple silicone orange,Patere,Acc telephonie,0.0440997371002349,Acc telephonie,0.1647824860637086
Kosmi lot de 2 tabourets blancs style scandinave oslo avec coque en résine blanche et pieds en bois naturel,Tabouret,Chaise,0.3544817968483736,Tabouret,0.4185345620623352
Aqua bike beauty 103 x 60 x 149 cm argent,Accessoire piscine,Boite de rangement,0.028111361271537,Rideau,0.1367480838376282
Matelas pour canapé convertible 3 plis,Matelas,Canape droit,0.762700735348621,Canape droit,0.5036226049740927
Lit combiné evolutif 120x60 en 90x190 scandi naturel,Lit bébé,Lit jeune,0.5668611982911308,Lit jeune,0.49070743864641
Homemania lampe de bureau alhena de bureau table de chevet noir or en métal 15 x 12 x 45 cm 1 x e14 max 40w,Lampe de bureau,Chevet,0.1984222254984668,Lampe de bureau,0.2786634014297224
Fauteuil à bascule rocking chair en bois clair assise en tissu marron fab04006,Fauteuil relax,Chaise,0.2560897632784925,Fauteuil relax,0.2738783084476243
Lecteur mp4 mp3 écran 1 8 pouce baladeur enregistreur fm radio micro sd noir yonis,Baladeur mp3/4,Radio CD,0.1353801785488081,Radio CD,0.1674579129707422
Crédence salle de bain adhésive scandi indigo lot de 2,Image/affiche/poster,Etagère,0.0818401019486249,Accessoire sdb,0.1381487631284189
Famosa pinypon flying unicorn,Jeu éducatif,Papier peint,0.0417570737386018,Figurine et robot,0.0821571769409313
Giantex armoire à bijoux sur pied avec 14 lampes led verrouillable réglable à 4 angles avec 2 tiroirs,Miroir psyche,Meuble à chaussures,0.058580417867815,Miroir,0.0970420382699589
Meuble de salle de bain armoire double porte rangement planches intérieures réglables charnière avec amortisseur portes en ,Element bas SDB,Rangement sdb,0.160219814934959,Rangement sdb,0.2592337701474893
Takara phc215 home cinema 2 1 500w bluetooth connecteurs hdmi et optique in port usb tuner fm decodeur dolby digital,Ensemble Home cinema,Connectique,0.0526950974619991,Ensemble Home cinema,0.0738798098056953
Matris matelas visco luxury elite silver h21 100x190 hauteur 21 cm + 2 fermeté moyenne élevée toutes les mesures,Meuble à chaussures,Matelas,0.6751674206854543,Matelas,0.6401987604998529
Surmatelas 140x190 mousse confort house doublée sur matelas 140x190 soutien et confort épaisseur 5 cm,Matelas,Surmatelas,0.4098444319551972,Surmatelas,0.338769331573675
Electrolux lfp316s,Element bas SDB,Micro ondes,0.0755308373889576,Plaque de cuisson,0.1525123057186649
Ensemble table chaises 4 places scandinave table et chaise blanche plastique bois,Ens table chaises,Table,0.5623981249853215,Table,0.4235417660966639
Mini hornit violet rose,Accessoire glisse,Pouf / repose pied,0.1187711037453735,Fauteuil,0.0403893615677324
Lot de 2 étagères pour armoire CYRUS L 183 cm,Accessoire dressing,Bibliotheque,0.1161580722866053,Etagère,0.1769150277037949
Gobelet,Verre,Accessoire sdb,0.0393652883988697,Accessoire sdb,0.1320820881915304
H koenig hf250 turbine a glace1 5l,Autre prep culinaire,Refrigerateur,0.2657385344015722,Congelateur,0.1081961511401767
Vasagle banc de rangement siège rembourré 80 x 40 x 50 cm bout de lit pour couloir chambre salon en métal style industri,Banc de lit,Lit adulte,0.0709910883317553,Lit adulte,0.1992492461723273
Ceinture amincissante électrique chauffée vibration fitness ceinture pour hommes femmes br leur de graisse,Electrostimulation,Appareil musculation,0.1794874085489276,Electrostimulation,0.1670361707686103
Tableau impression sur toile composition v wassily kandinsky cm 60x90,Image/affiche/poster,Toile et laminage,0.5287313276538693,Toile et laminage,0.5295565927234562
Klarstein chillout machine à gla ons 12 kg 24h réfrigération par compression réservoir 1 5 litre argent,Autre prep culinaire,Refrigerateur,0.1749665954716773,Refrigerateur,0.4097229923572446
Méridienne chesterfield en velours gris nimes,Canape droit,Fauteuil,0.1905573811082262,Canape droit,0.188714388902192
Icaverne etagères et casiers à chaussures gamme armoire à chaussures avec 10 compartiments blanc,Porte chaussures,Meuble à chaussures,0.2695353738081639,Porte chaussures,0.4613562427061468
Cocotte ronde en fonte émaillée 20cm noir puv408201,Casserole,Objet deco,0.0975983875326165,Casserole,0.1579467850475276
Service à couscous assiettes creuses marocain noir 6 pers,Set vaisselle,Vaisselle,0.442632962623745,Vaisselle,0.2694303360955597
Réducteur de double menton et massage de cou sbelt neck slimmer,Accessoire fitness,Autre soin personne,0.1551838171344979,Autre soin personne,0.2820324472532252
Bloc porte,Accessoire biblio,Objet deco,0.1474059524031603,Armoire,0.1128931677100783
Vinaigrier en grès rouge 3 5l sur socle bois,Ustensiles,Vaisselle,0.0574076425136761,Boite de rangement,0.0636589193232984
Giantex barrière de lit pliable pour bébé enfant 120x42cm en tissu oxford avec mousse souple trous pré percés,Barrière de sécurité,Matelas,0.1119488054543536,Barrière de sécurité,0.3689849034770652
Lit bébé tola 02 blanc + tiroir blanc + matelas,Lit bébé,Lit jeune,0.5322941373949122,Lit bébé,0.4392769530586159
4 verres hauts 25 cl,Verre,Set verre,0.2786533373515372,Set verre,0.2877865648523208
Commode THORITA 138 cm x 90 cm x 43 cm blanc style scandinave style minimaliste,Buffet,Commode,0.1267420967702349,Commode,0.2995955441437313
Mélangeur de cartes électrique flans en bois,Jeu de carte et dé,Ustensiles,0.074070481362548,Etagère,0.0742419185498596
Berceau bébé little stars bois blanc + parure de lit,Berceau,Lit bébé,0.4400304125737088,Lit bébé,0.2834502109840122
Organiseurs stylé étagère confortime bois 33 x 25 x 56 cm ,Accessoire dressing,Bibliotheque,0.1199037214723843,Etagère,0.1364050018962357
Cendrier géant décoratif vide poche déco comics bande dessiné rouge,Boite de rangement,Objet deco,0.3949752597971296,Objet deco,0.2472356424311277
Songmics coffre de rangement couvercle pliable par 2 c tés banc de rangement charge admissible 300 kg blanc 76 x 38 x 38 cm lsf4,Pouf / repose pied,Coffre,0.0912281367610129,Pouf / repose pied,0.2533080526577682
